ID,Hotel Rank,Hotel Name,Hotel Slug,City,Country,Image Slot,Image Type,Subject,File Name Original,File Name Web,Local Path Original,Local Path Web,Source Site,Source Page URL,Direct Download URL,Photographer / Creator,Photographer Profile URL,Licence,Licence URL,Attribution Required?,Recommended Attribution Text,Commercial Use Allowed?,Modification Allowed?,Verification Date,Notes,Safe to Use?,Width,Height,Web File Size Bytes
hotel-majapahit-surabaya-01,1,Hotel Majapahit Surabaya - MGallery Collection,hotel-majapahit-surabaya,Surabaya,Indonesia,1,Hero,Museum Bank Indonesia Surabaya (35194457663).jpg,hotel-majapahit-surabaya-01-hero-heritage-building.jpg,hotel-majapahit-surabaya-01-hero-heritage-building.webp,public/images/hotels/hotel-majapahit-surabaya/original/hotel-majapahit-surabaya-01-hero-heritage-building.jpg,/images/hotels/hotel-majapahit-surabaya/web/hotel-majapahit-surabaya-01-hero-heritage-building.webp,Wikimedia Commons,https://commons.wikimedia.org/wiki/File:Museum_Bank_Indonesia_Surabaya_(35194457663).jpg,https://upload.wikimedia.org/wikipedia/commons/thumb/6/6b/Museum_Bank_Indonesia_Surabaya_%2835194457663%29.jpg/3840px-Museum_Bank_Indonesia_Surabaya_%2835194457663%29.jpg,"Ya, saya inBaliTimur",,CC BY-SA 2.0,https://creativecommons.org/licenses/by-sa/2.0,Yes,"Photo: Museum Bank Indonesia Surabaya (35194457663).jpg by Ya, saya inBaliTimur, licensed under CC BY-SA 2.0 via Wikimedia Commons. Cropped/resized only if needed and converted to WebP.",Yes,Yes,2026-05-30,Matched Commons query: Surabaya Indonesia heritage building. Hotel-specific image not found under safe licence; using destination/neighbourhood alternative.,Yes,2200,1472,261710
hotel-majapahit-surabaya-02,1,Hotel Majapahit Surabaya - MGallery Collection,hotel-majapahit-surabaya,Surabaya,Indonesia,2,Hotel,"Societeit Concordia in Surabaya, anoniem, 1850 - 1900 - Rijksmuseum.jpg",hotel-majapahit-surabaya-02-hotel-colonial-architecture.jpg,hotel-majapahit-surabaya-02-hotel-colonial-architecture.webp,public/images/hotels/hotel-majapahit-surabaya/original/hotel-majapahit-surabaya-02-hotel-colonial-architecture.jpg,/images/hotels/hotel-majapahit-surabaya/web/hotel-majapahit-surabaya-02-hotel-colonial-architecture.webp,Wikimedia Commons,"https://commons.wikimedia.org/wiki/File:Societeit_Concordia_in_Surabaya,_anoniem,_1850_-_1900_-_Rijksmuseum.jpg",https://upload.wikimedia.org/wikipedia/commons/thumb/1/1e/Societeit_Concordia_in_Surabaya%2C_anoniem%2C_1850_-_1900_-_Rijksmuseum.jpg/3840px-Societeit_Concordia_in_Surabaya%2C_anoniem%2C_1850_-_1900_-_Rijksmuseum.jpg,AnonymousUnknown author,,Public domain,Unknown / not listed,No,"Image: Societeit Concordia in Surabaya, anoniem, 1850 - 1900 - Rijksmuseum.jpg by AnonymousUnknown author, public domain via Wikimedia Commons.",Yes,Yes,2026-05-30,Matched Commons query: Surabaya Indonesia colonial architecture. Hotel-specific image not found under safe licence; using destination/neighbourhood alternative.,Yes,2200,1734,427274
hotel-majapahit-surabaya-03,1,Hotel Majapahit Surabaya - MGallery Collection,hotel-majapahit-surabaya,Surabaya,Indonesia,3,City,"Tram stop 1897 (now a bus stop), Surabaya, 2025 (01).jpg",hotel-majapahit-surabaya-03-city-hotel-majapahit-surabaya-03.jpg,hotel-majapahit-surabaya-03-city-hotel-majapahit-surabaya-03.webp,public/images/hotels/hotel-majapahit-surabaya/original/hotel-majapahit-surabaya-03-city-hotel-majapahit-surabaya-03.jpg,/images/hotels/hotel-majapahit-surabaya/web/hotel-majapahit-surabaya-03-city-hotel-majapahit-surabaya-03.webp,Wikimedia Commons,"https://commons.wikimedia.org/wiki/File:Tram_stop_1897_(now_a_bus_stop),_Surabaya,_2025_(01).jpg",https://upload.wikimedia.org/wikipedia/commons/thumb/f/f9/Tram_stop_1897_%28now_a_bus_stop%29%2C_Surabaya%2C_2025_%2801%29.jpg/3840px-Tram_stop_1897_%28now_a_bus_stop%29%2C_Surabaya%2C_2025_%2801%29.jpg,Bahnfrend,,CC BY-SA 4.0,https://creativecommons.org/licenses/by-sa/4.0,Yes,"Photo: Tram stop 1897 (now a bus stop), Surabaya, 2025 (01).jpg by Bahnfrend, licensed under CC BY-SA 4.0 via Wikimedia Commons. Cropped/resized only if needed and converted to WebP.",Yes,Yes,2026-05-30,Recovered with Commons query: Jembatan Merah Surabaya. Hotel-specific image not found under safe licence; using destination alternative.,Yes,2200,1236,239512
hotel-majapahit-surabaya-04,1,Hotel Majapahit Surabaya - MGallery Collection,hotel-majapahit-surabaya,Surabaya,Indonesia,4,Attraction,House of Sampoerna Mei 2015.jpg,hotel-majapahit-surabaya-04-attraction-house-of-sampoerna.jpg,hotel-majapahit-surabaya-04-attraction-house-of-sampoerna.webp,public/images/hotels/hotel-majapahit-surabaya/original/hotel-majapahit-surabaya-04-attraction-house-of-sampoerna.jpg,/images/hotels/hotel-majapahit-surabaya/web/hotel-majapahit-surabaya-04-attraction-house-of-sampoerna.webp,Wikimedia Commons,https://commons.wikimedia.org/wiki/File:House_of_Sampoerna_Mei_2015.jpg,https://upload.wikimedia.org/wikipedia/commons/thumb/f/f6/House_of_Sampoerna_Mei_2015.jpg/3840px-House_of_Sampoerna_Mei_2015.jpg,"consigliere ivan from Bontang, Indonesia",,CC BY-SA 2.0,https://creativecommons.org/licenses/by-sa/2.0,Yes,"Photo: House of Sampoerna Mei 2015.jpg by consigliere ivan from Bontang, Indonesia, licensed under CC BY-SA 2.0 via Wikimedia Commons. Cropped/resized only if needed and converted to WebP.",Yes,Yes,2026-05-30,Matched Commons query: House of Sampoerna Surabaya.,Yes,2200,1466,394974
hotel-majapahit-surabaya-05,1,Hotel Majapahit Surabaya - MGallery Collection,hotel-majapahit-surabaya,Surabaya,Indonesia,5,Food,Banyuwangi Indonesia Onde-onde-01.jpg,hotel-majapahit-surabaya-05-food-east-java-food.jpg,hotel-majapahit-surabaya-05-food-east-java-food.webp,public/images/hotels/hotel-majapahit-surabaya/original/hotel-majapahit-surabaya-05-food-east-java-food.jpg,/images/hotels/hotel-majapahit-surabaya/web/hotel-majapahit-surabaya-05-food-east-java-food.webp,Wikimedia Commons,https://commons.wikimedia.org/wiki/File:Banyuwangi_Indonesia_Onde-onde-01.jpg,https://upload.wikimedia.org/wikipedia/commons/thumb/9/9f/Banyuwangi_Indonesia_Onde-onde-01.jpg/3840px-Banyuwangi_Indonesia_Onde-onde-01.jpg,"CEphoto, Uwe Aranas",,CC BY-SA 3.0,https://creativecommons.org/licenses/by-sa/3.0,Yes,"Photo: Banyuwangi Indonesia Onde-onde-01.jpg by CEphoto, Uwe Aranas, licensed under CC BY-SA 3.0 via Wikimedia Commons. Cropped/resized only if needed and converted to WebP.",Yes,Yes,2026-05-30,Matched Commons query: Indonesia east java food.,Yes,2200,1699,239812
hotel-majapahit-surabaya-06,1,Hotel Majapahit Surabaya - MGallery Collection,hotel-majapahit-surabaya,Surabaya,Indonesia,6,Secondary,Tari Topeng 2.jpg,hotel-majapahit-surabaya-06-secondary-heroes-monument.jpg,hotel-majapahit-surabaya-06-secondary-heroes-monument.webp,public/images/hotels/hotel-majapahit-surabaya/original/hotel-majapahit-surabaya-06-secondary-heroes-monument.jpg,/images/hotels/hotel-majapahit-surabaya/web/hotel-majapahit-surabaya-06-secondary-heroes-monument.webp,Wikimedia Commons,https://commons.wikimedia.org/wiki/File:Tari_Topeng_2.jpg,https://upload.wikimedia.org/wikipedia/commons/thumb/5/53/Tari_Topeng_2.jpg/3840px-Tari_Topeng_2.jpg,Bahrululum27,,CC0,http://creativecommons.org/publicdomain/zero/1.0/deed.en,No,"Image: Tari Topeng 2.jpg by Bahrululum27, public domain via Wikimedia Commons.",Yes,Yes,2026-05-30,Matched Commons query: Heroes Monument Surabaya.,Yes,2200,1462,347638
phoenix-hotel-yogyakarta-01,2,The Phoenix Hotel Yogyakarta - Handwritten Collection,phoenix-hotel-yogyakarta,Yogyakarta,Indonesia,1,Hero,Yogyakarta Indonesia halte-Mangkubumi-1-01.jpg,phoenix-hotel-yogyakarta-01-hero-phoenix-hotel-yogyakarta-01.jpg,phoenix-hotel-yogyakarta-01-hero-phoenix-hotel-yogyakarta-01.webp,public/images/hotels/phoenix-hotel-yogyakarta/original/phoenix-hotel-yogyakarta-01-hero-phoenix-hotel-yogyakarta-01.jpg,/images/hotels/phoenix-hotel-yogyakarta/web/phoenix-hotel-yogyakarta-01-hero-phoenix-hotel-yogyakarta-01.webp,Wikimedia Commons,https://commons.wikimedia.org/wiki/File:Yogyakarta_Indonesia_halte-Mangkubumi-1-01.jpg,https://upload.wikimedia.org/wikipedia/commons/thumb/1/1a/Yogyakarta_Indonesia_halte-Mangkubumi-1-01.jpg/3840px-Yogyakarta_Indonesia_halte-Mangkubumi-1-01.jpg,"CEphoto, Uwe Aranas",,CC BY-SA 3.0,https://creativecommons.org/licenses/by-sa/3.0,Yes,"Photo: Yogyakarta Indonesia halte-Mangkubumi-1-01.jpg by CEphoto, Uwe Aranas, licensed under CC BY-SA 3.0 via Wikimedia Commons. Cropped/resized only if needed and converted to WebP.",Yes,Yes,2026-05-30,Recovered with Commons query: Tugu Yogyakarta. Hotel-specific image not found under safe licence; using destination alternative.,Yes,2200,1251,481958
phoenix-hotel-yogyakarta-02,2,The Phoenix Hotel Yogyakarta - Handwritten Collection,phoenix-hotel-yogyakarta,Yogyakarta,Indonesia,2,Hotel,Yogyakarta Indonesia Colonial-houses-01.jpg,phoenix-hotel-yogyakarta-02-hotel-phoenix-hotel-yogyakarta-02.jpg,phoenix-hotel-yogyakarta-02-hotel-phoenix-hotel-yogyakarta-02.webp,public/images/hotels/phoenix-hotel-yogyakarta/original/phoenix-hotel-yogyakarta-02-hotel-phoenix-hotel-yogyakarta-02.jpg,/images/hotels/phoenix-hotel-yogyakarta/web/phoenix-hotel-yogyakarta-02-hotel-phoenix-hotel-yogyakarta-02.webp,Wikimedia Commons,https://commons.wikimedia.org/wiki/File:Yogyakarta_Indonesia_Colonial-houses-01.jpg,https://upload.wikimedia.org/wikipedia/commons/thumb/8/8c/Yogyakarta_Indonesia_Colonial-houses-01.jpg/3840px-Yogyakarta_Indonesia_Colonial-houses-01.jpg,"CEphoto, Uwe Aranas",,CC BY-SA 3.0,https://creativecommons.org/licenses/by-sa/3.0,Yes,"Photo: Yogyakarta Indonesia Colonial-houses-01.jpg by CEphoto, Uwe Aranas, licensed under CC BY-SA 3.0 via Wikimedia Commons. Cropped/resized only if needed and converted to WebP.",Yes,Yes,2026-05-30,Recovered with Commons query: Yogyakarta colonial architecture. Hotel-specific image not found under safe licence; using destination alternative.,Yes,2200,1466,573736
phoenix-hotel-yogyakarta-03,2,The Phoenix Hotel Yogyakarta - Handwritten Collection,phoenix-hotel-yogyakarta,Yogyakarta,Indonesia,3,City,Malioboro street yogyakarta.JPG,phoenix-hotel-yogyakarta-03-city-malioboro.jpg,phoenix-hotel-yogyakarta-03-city-malioboro.webp,public/images/hotels/phoenix-hotel-yogyakarta/original/phoenix-hotel-yogyakarta-03-city-malioboro.jpg,/images/hotels/phoenix-hotel-yogyakarta/web/phoenix-hotel-yogyakarta-03-city-malioboro.webp,Wikimedia Commons,https://commons.wikimedia.org/wiki/File:Malioboro_street_yogyakarta.JPG,https://upload.wikimedia.org/wikipedia/commons/thumb/7/77/Malioboro_street_yogyakarta.JPG/3840px-Malioboro_street_yogyakarta.JPG,indriani.id@gmail.com,,CC BY-SA 3.0,https://creativecommons.org/licenses/by-sa/3.0,Yes,"Photo: Malioboro street yogyakarta.JPG by indriani.id@gmail.com, licensed under CC BY-SA 3.0 via Wikimedia Commons. Cropped/resized only if needed and converted to WebP.",Yes,Yes,2026-05-30,Matched Commons query: Malioboro Yogyakarta street.,Yes,2200,1650,270710
phoenix-hotel-yogyakarta-04,2,The Phoenix Hotel Yogyakarta - Handwritten Collection,phoenix-hotel-yogyakarta,Yogyakarta,Indonesia,4,Attraction,Yogyakarta Indonesia Prambanan-temple-complex-21.jpg,phoenix-hotel-yogyakarta-04-attraction-prambanan.jpg,phoenix-hotel-yogyakarta-04-attraction-prambanan.webp,public/images/hotels/phoenix-hotel-yogyakarta/original/phoenix-hotel-yogyakarta-04-attraction-prambanan.jpg,/images/hotels/phoenix-hotel-yogyakarta/web/phoenix-hotel-yogyakarta-04-attraction-prambanan.webp,Wikimedia Commons,https://commons.wikimedia.org/wiki/File:Yogyakarta_Indonesia_Prambanan-temple-complex-21.jpg,https://upload.wikimedia.org/wikipedia/commons/thumb/4/43/Yogyakarta_Indonesia_Prambanan-temple-complex-21.jpg/3840px-Yogyakarta_Indonesia_Prambanan-temple-complex-21.jpg,"CEphoto, Uwe Aranas",,CC BY-SA 3.0,https://creativecommons.org/licenses/by-sa/3.0,Yes,"Photo: Yogyakarta Indonesia Prambanan-temple-complex-21.jpg by CEphoto, Uwe Aranas, licensed under CC BY-SA 3.0 via Wikimedia Commons. Cropped/resized only if needed and converted to WebP.",Yes,Yes,2026-05-30,Matched Commons query: Prambanan temple Yogyakarta.,Yes,2200,1699,274480
phoenix-hotel-yogyakarta-05,2,The Phoenix Hotel Yogyakarta - Handwritten Collection,phoenix-hotel-yogyakarta,Yogyakarta,Indonesia,5,Food,Gudeg Sagan Yogyakarta.jpg,phoenix-hotel-yogyakarta-05-food-phoenix-hotel-yogyakarta-05.jpg,phoenix-hotel-yogyakarta-05-food-phoenix-hotel-yogyakarta-05.webp,public/images/hotels/phoenix-hotel-yogyakarta/original/phoenix-hotel-yogyakarta-05-food-phoenix-hotel-yogyakarta-05.jpg,/images/hotels/phoenix-hotel-yogyakarta/web/phoenix-hotel-yogyakarta-05-food-phoenix-hotel-yogyakarta-05.webp,Wikimedia Commons,https://commons.wikimedia.org/wiki/File:Gudeg_Sagan_Yogyakarta.jpg,https://upload.wikimedia.org/wikipedia/commons/thumb/5/58/Gudeg_Sagan_Yogyakarta.jpg/3840px-Gudeg_Sagan_Yogyakarta.jpg,Pinerineks,,CC BY-SA 4.0,https://creativecommons.org/licenses/by-sa/4.0,Yes,"Photo: Gudeg Sagan Yogyakarta.jpg by Pinerineks, licensed under CC BY-SA 4.0 via Wikimedia Commons. Cropped/resized only if needed and converted to WebP.",Yes,Yes,2026-05-30,Recovered with Commons query: Gudeg Yogyakarta. Hotel-specific image not found under safe licence; using destination alternative.,Yes,2200,1401,249980
phoenix-hotel-yogyakarta-06,2,The Phoenix Hotel Yogyakarta - Handwritten Collection,phoenix-hotel-yogyakarta,Yogyakarta,Indonesia,6,Secondary,"Borobudur, Java, Indonesia, 20220817 1058 8808.jpg",phoenix-hotel-yogyakarta-06-secondary-borobudur.jpg,phoenix-hotel-yogyakarta-06-secondary-borobudur.webp,public/images/hotels/phoenix-hotel-yogyakarta/original/phoenix-hotel-yogyakarta-06-secondary-borobudur.jpg,/images/hotels/phoenix-hotel-yogyakarta/web/phoenix-hotel-yogyakarta-06-secondary-borobudur.webp,Wikimedia Commons,"https://commons.wikimedia.org/wiki/File:Borobudur,_Java,_Indonesia,_20220817_1058_8808.jpg",https://upload.wikimedia.org/wikipedia/commons/thumb/b/b2/Borobudur%2C_Java%2C_Indonesia%2C_20220817_1058_8808.jpg/3840px-Borobudur%2C_Java%2C_Indonesia%2C_20220817_1058_8808.jpg,Jakub Hałun,,CC BY-SA 4.0,https://creativecommons.org/licenses/by-sa/4.0,Yes,"Photo: Borobudur, Java, Indonesia, 20220817 1058 8808.jpg by Jakub Hałun, licensed under CC BY-SA 4.0 via Wikimedia Commons. Cropped/resized only if needed and converted to WebP.",Yes,Yes,2026-05-30,Matched Commons query: Borobudur temple Java.,Yes,2200,1468,757302
majestic-hotel-kuala-lumpur-01,3,"The Majestic Hotel Kuala Lumpur, Autograph Collection",majestic-hotel-kuala-lumpur,Kuala Lumpur,Malaysia,1,Hero,"2016 Kuala Lumpur, Stacja kolejowa Kuala Lumpur (02).jpg",majestic-hotel-kuala-lumpur-01-hero-majestic-hotel-kuala-lumpur-01.jpg,majestic-hotel-kuala-lumpur-01-hero-majestic-hotel-kuala-lumpur-01.webp,public/images/hotels/majestic-hotel-kuala-lumpur/original/majestic-hotel-kuala-lumpur-01-hero-majestic-hotel-kuala-lumpur-01.jpg,/images/hotels/majestic-hotel-kuala-lumpur/web/majestic-hotel-kuala-lumpur-01-hero-majestic-hotel-kuala-lumpur-01.webp,Wikimedia Commons,"https://commons.wikimedia.org/wiki/File:2016_Kuala_Lumpur,_Stacja_kolejowa_Kuala_Lumpur_(02).jpg",https://upload.wikimedia.org/wikipedia/commons/thumb/5/54/2016_Kuala_Lumpur%2C_Stacja_kolejowa_Kuala_Lumpur_%2802%29.jpg/3840px-2016_Kuala_Lumpur%2C_Stacja_kolejowa_Kuala_Lumpur_%2802%29.jpg,Marcin Konsek,,CC BY-SA 4.0,https://creativecommons.org/licenses/by-sa/4.0,Yes,"Photo: 2016 Kuala Lumpur, Stacja kolejowa Kuala Lumpur (02).jpg by Marcin Konsek, licensed under CC BY-SA 4.0 via Wikimedia Commons. Cropped/resized only if needed and converted to WebP.",Yes,Yes,2026-05-30,Recovered with Commons query: Kuala Lumpur railway station. Hotel-specific image not found under safe licence; using destination alternative.,Yes,2200,1641,368312
majestic-hotel-kuala-lumpur-02,3,"The Majestic Hotel Kuala Lumpur, Autograph Collection",majestic-hotel-kuala-lumpur,Kuala Lumpur,Malaysia,2,Hotel,Clock Tower Medan Pasar 18 Oct 2013 (1).JPG,majestic-hotel-kuala-lumpur-02-hotel-colonial-architecture.jpg,majestic-hotel-kuala-lumpur-02-hotel-colonial-architecture.webp,public/images/hotels/majestic-hotel-kuala-lumpur/original/majestic-hotel-kuala-lumpur-02-hotel-colonial-architecture.jpg,/images/hotels/majestic-hotel-kuala-lumpur/web/majestic-hotel-kuala-lumpur-02-hotel-colonial-architecture.webp,Wikimedia Commons,https://commons.wikimedia.org/wiki/File:Clock_Tower_Medan_Pasar_18_Oct_2013_(1).JPG,https://upload.wikimedia.org/wikipedia/commons/thumb/0/0b/Clock_Tower_Medan_Pasar_18_Oct_2013_%281%29.JPG/3840px-Clock_Tower_Medan_Pasar_18_Oct_2013_%281%29.JPG,Bearsmalaysia,,CC BY-SA 3.0,https://creativecommons.org/licenses/by-sa/3.0,Yes,"Photo: Clock Tower Medan Pasar 18 Oct 2013 (1).JPG by Bearsmalaysia, licensed under CC BY-SA 3.0 via Wikimedia Commons. Cropped/resized only if needed and converted to WebP.",Yes,Yes,2026-05-30,Matched Commons query: Kuala Lumpur colonial architecture. Hotel-specific image not found under safe licence; using destination/neighbourhood alternative.,Yes,2200,1650,521478
majestic-hotel-kuala-lumpur-03,3,"The Majestic Hotel Kuala Lumpur, Autograph Collection",majestic-hotel-kuala-lumpur,Kuala Lumpur,Malaysia,3,City,Kuala Lumpur Malaysia Skyline-of-Kuala-Lumpur-Sentral-01.jpg,majestic-hotel-kuala-lumpur-03-city-kl-skyline.jpg,majestic-hotel-kuala-lumpur-03-city-kl-skyline.webp,public/images/hotels/majestic-hotel-kuala-lumpur/original/majestic-hotel-kuala-lumpur-03-city-kl-skyline.jpg,/images/hotels/majestic-hotel-kuala-lumpur/web/majestic-hotel-kuala-lumpur-03-city-kl-skyline.webp,Wikimedia Commons,https://commons.wikimedia.org/wiki/File:Kuala_Lumpur_Malaysia_Skyline-of-Kuala-Lumpur-Sentral-01.jpg,https://upload.wikimedia.org/wikipedia/commons/thumb/6/68/Kuala_Lumpur_Malaysia_Skyline-of-Kuala-Lumpur-Sentral-01.jpg/3840px-Kuala_Lumpur_Malaysia_Skyline-of-Kuala-Lumpur-Sentral-01.jpg,"CEphoto, Uwe Aranas",,CC BY-SA 3.0,https://creativecommons.org/licenses/by-sa/3.0,Yes,"Photo: Kuala Lumpur Malaysia Skyline-of-Kuala-Lumpur-Sentral-01.jpg by CEphoto, Uwe Aranas, licensed under CC BY-SA 3.0 via Wikimedia Commons. Cropped/resized only if needed and converted to WebP.",Yes,Yes,2026-05-30,Matched Commons query: Kuala Lumpur skyline.,Yes,2200,1270,480294
majestic-hotel-kuala-lumpur-04,3,"The Majestic Hotel Kuala Lumpur, Autograph Collection",majestic-hotel-kuala-lumpur,Kuala Lumpur,Malaysia,4,Attraction,Kuala Lumpur Malaysia Sultan-Abdul-Samad-Building-02.jpg,majestic-hotel-kuala-lumpur-04-attraction-sultan-abdul-samad.jpg,majestic-hotel-kuala-lumpur-04-attraction-sultan-abdul-samad.webp,public/images/hotels/majestic-hotel-kuala-lumpur/original/majestic-hotel-kuala-lumpur-04-attraction-sultan-abdul-samad.jpg,/images/hotels/majestic-hotel-kuala-lumpur/web/majestic-hotel-kuala-lumpur-04-attraction-sultan-abdul-samad.webp,Wikimedia Commons,https://commons.wikimedia.org/wiki/File:Kuala_Lumpur_Malaysia_Sultan-Abdul-Samad-Building-02.jpg,https://upload.wikimedia.org/wikipedia/commons/thumb/8/80/Kuala_Lumpur_Malaysia_Sultan-Abdul-Samad-Building-02.jpg/3840px-Kuala_Lumpur_Malaysia_Sultan-Abdul-Samad-Building-02.jpg,"CEphoto, Uwe Aranas",,CC BY-SA 3.0,https://creativecommons.org/licenses/by-sa/3.0,Yes,"Photo: Kuala Lumpur Malaysia Sultan-Abdul-Samad-Building-02.jpg by CEphoto, Uwe Aranas, licensed under CC BY-SA 3.0 via Wikimedia Commons. Cropped/resized only if needed and converted to WebP.",Yes,Yes,2026-05-30,Matched Commons query: Sultan Abdul Samad Building Kuala Lumpur.,Yes,2200,1466,538338
majestic-hotel-kuala-lumpur-05,3,"The Majestic Hotel Kuala Lumpur, Autograph Collection",majestic-hotel-kuala-lumpur,Kuala Lumpur,Malaysia,5,Food,Batu 5 Market 3.jpg,majestic-hotel-kuala-lumpur-05-food-kl-food-market.jpg,majestic-hotel-kuala-lumpur-05-food-kl-food-market.webp,public/images/hotels/majestic-hotel-kuala-lumpur/original/majestic-hotel-kuala-lumpur-05-food-kl-food-market.jpg,/images/hotels/majestic-hotel-kuala-lumpur/web/majestic-hotel-kuala-lumpur-05-food-kl-food-market.webp,Wikimedia Commons,https://commons.wikimedia.org/wiki/File:Batu_5_Market_3.jpg,https://upload.wikimedia.org/wikipedia/commons/thumb/2/20/Batu_5_Market_3.jpg/3840px-Batu_5_Market_3.jpg,Slleong,,CC0,http://creativecommons.org/publicdomain/zero/1.0/deed.en,No,"Image: Batu 5 Market 3.jpg by Slleong, public domain via Wikimedia Commons.",Yes,Yes,2026-05-30,Matched Commons query: Kuala Lumpur food market.,Yes,2200,1650,414908
majestic-hotel-kuala-lumpur-06,3,"The Majestic Hotel Kuala Lumpur, Autograph Collection",majestic-hotel-kuala-lumpur,Kuala Lumpur,Malaysia,6,Secondary,Merdeka Square Malaysia.jpg,majestic-hotel-kuala-lumpur-06-secondary-merdeka-square.jpg,majestic-hotel-kuala-lumpur-06-secondary-merdeka-square.webp,public/images/hotels/majestic-hotel-kuala-lumpur/original/majestic-hotel-kuala-lumpur-06-secondary-merdeka-square.jpg,/images/hotels/majestic-hotel-kuala-lumpur/web/majestic-hotel-kuala-lumpur-06-secondary-merdeka-square.webp,Wikimedia Commons,https://commons.wikimedia.org/wiki/File:Merdeka_Square_Malaysia.jpg,https://upload.wikimedia.org/wikipedia/commons/thumb/7/7a/Merdeka_Square_Malaysia.jpg/3840px-Merdeka_Square_Malaysia.jpg,"This photo was taken by Anton Zelenov. Please credit this with : Photo : Anton Zelenov in the immediate vicinity of the image. If you use one of my photos, please email me (account needed) or leave me a short message on my discussion page. It would be greatly appreciated. Do not copy this image illegally by ignoring the terms of the license below, as it is not in the public domain. If you would like special permission to use, license, or purchase the image please contact me to negotiate terms.",,CC BY-SA 3.0,https://creativecommons.org/licenses/by-sa/3.0,Yes,"Photo: Merdeka Square Malaysia.jpg by This photo was taken by Anton Zelenov. Please credit this with : Photo : Anton Zelenov in the immediate vicinity of the image. If you use one of my photos, please email me (account needed) or leave me a short message on my discussion page. It would be greatly appreciated. Do not copy this image illegally by ignoring the terms of the license below, as it is not in the public domain. If you would like special permission to use, license, or purchase the image please contact me to negotiate terms., licensed under CC BY-SA 3.0 via Wikimedia Commons. Cropped/resized only if needed and converted to WebP.",Yes,Yes,2026-05-30,Matched Commons query: Merdeka Square Kuala Lumpur.,Yes,2200,527,242134
raweekanlaya-bangkok-01,4,The Raweekanlaya Bangkok Wellness Cuisine Resort,raweekanlaya-bangkok,Bangkok,Thailand,1,Hero,"WAT BENCHAMABOPHIT ,BANGKOK.JPG",raweekanlaya-bangkok-01-hero-raweekanlaya-bangkok-01.jpg,raweekanlaya-bangkok-01-hero-raweekanlaya-bangkok-01.webp,public/images/hotels/raweekanlaya-bangkok/original/raweekanlaya-bangkok-01-hero-raweekanlaya-bangkok-01.jpg,/images/hotels/raweekanlaya-bangkok/web/raweekanlaya-bangkok-01-hero-raweekanlaya-bangkok-01.webp,Wikimedia Commons,"https://commons.wikimedia.org/wiki/File:WAT_BENCHAMABOPHIT_,BANGKOK.JPG",https://upload.wikimedia.org/wikipedia/commons/thumb/3/33/WAT_BENCHAMABOPHIT_%2CBANGKOK.JPG/3840px-WAT_BENCHAMABOPHIT_%2CBANGKOK.JPG,Senda89,,CC BY-SA 3.0,https://creativecommons.org/licenses/by-sa/3.0,Yes,"Photo: WAT BENCHAMABOPHIT ,BANGKOK.JPG by Senda89, licensed under CC BY-SA 3.0 via Wikimedia Commons. Cropped/resized only if needed and converted to WebP.",Yes,Yes,2026-05-30,Recovered with Commons query: Wat Benchamabophit Bangkok. Hotel-specific image not found under safe licence; using destination alternative.,Yes,2200,1650,394658
raweekanlaya-bangkok-02,4,The Raweekanlaya Bangkok Wellness Cuisine Resort,raweekanlaya-bangkok,Bangkok,Thailand,2,Hotel,Jim Thompson House Bangkok P1110282.JPG,raweekanlaya-bangkok-02-hotel-raweekanlaya-bangkok-02.jpg,raweekanlaya-bangkok-02-hotel-raweekanlaya-bangkok-02.webp,public/images/hotels/raweekanlaya-bangkok/original/raweekanlaya-bangkok-02-hotel-raweekanlaya-bangkok-02.jpg,/images/hotels/raweekanlaya-bangkok/web/raweekanlaya-bangkok-02-hotel-raweekanlaya-bangkok-02.webp,Wikimedia Commons,https://commons.wikimedia.org/wiki/File:Jim_Thompson_House_Bangkok_P1110282.JPG,https://upload.wikimedia.org/wikipedia/commons/thumb/5/56/Jim_Thompson_House_Bangkok_P1110282.JPG/3840px-Jim_Thompson_House_Bangkok_P1110282.JPG,Deror_avi,,CC BY-SA 3.0,https://creativecommons.org/licenses/by-sa/3.0,Yes,"Photo: Jim Thompson House Bangkok P1110282.JPG by Deror_avi, licensed under CC BY-SA 3.0 via Wikimedia Commons. Cropped/resized only if needed and converted to WebP.",Yes,Yes,2026-05-30,Recovered with Commons query: Jim Thompson House Bangkok. Hotel-specific image not found under safe licence; using destination alternative.,Yes,2200,1650,546912
raweekanlaya-bangkok-03,4,The Raweekanlaya Bangkok Wellness Cuisine Resort,raweekanlaya-bangkok,Bangkok,Thailand,3,City,"Río Chao Phraya, Bangkok, Tailandia, 2013-08-22, DD 01.jpg",raweekanlaya-bangkok-03-city-chao-phraya.jpg,raweekanlaya-bangkok-03-city-chao-phraya.webp,public/images/hotels/raweekanlaya-bangkok/original/raweekanlaya-bangkok-03-city-chao-phraya.jpg,/images/hotels/raweekanlaya-bangkok/web/raweekanlaya-bangkok-03-city-chao-phraya.webp,Wikimedia Commons,"https://commons.wikimedia.org/wiki/File:R%C3%ADo_Chao_Phraya,_Bangkok,_Tailandia,_2013-08-22,_DD_01.jpg",https://upload.wikimedia.org/wikipedia/commons/thumb/1/17/R%C3%ADo_Chao_Phraya%2C_Bangkok%2C_Tailandia%2C_2013-08-22%2C_DD_01.jpg/3840px-R%C3%ADo_Chao_Phraya%2C_Bangkok%2C_Tailandia%2C_2013-08-22%2C_DD_01.jpg,Diego Delso,,CC BY-SA 3.0,https://creativecommons.org/licenses/by-sa/3.0,Yes,"Photo: Río Chao Phraya, Bangkok, Tailandia, 2013-08-22, DD 01.jpg by Diego Delso, licensed under CC BY-SA 3.0 via Wikimedia Commons. Cropped/resized only if needed and converted to WebP.",Yes,Yes,2026-05-30,Matched Commons query: Chao Phraya River Bangkok.,Yes,2200,1210,603074
raweekanlaya-bangkok-04,4,The Raweekanlaya Bangkok Wellness Cuisine Resort,raweekanlaya-bangkok,Bangkok,Thailand,4,Attraction,"Wat Pho, Bangkok, Tailandia, 2013-08-22, DD 22.jpg",raweekanlaya-bangkok-04-attraction-wat-pho.jpg,raweekanlaya-bangkok-04-attraction-wat-pho.webp,public/images/hotels/raweekanlaya-bangkok/original/raweekanlaya-bangkok-04-attraction-wat-pho.jpg,/images/hotels/raweekanlaya-bangkok/web/raweekanlaya-bangkok-04-attraction-wat-pho.webp,Wikimedia Commons,"https://commons.wikimedia.org/wiki/File:Wat_Pho,_Bangkok,_Tailandia,_2013-08-22,_DD_22.jpg",https://upload.wikimedia.org/wikipedia/commons/thumb/d/d0/Wat_Pho%2C_Bangkok%2C_Tailandia%2C_2013-08-22%2C_DD_22.jpg/3840px-Wat_Pho%2C_Bangkok%2C_Tailandia%2C_2013-08-22%2C_DD_22.jpg,Diego Delso,,CC BY-SA 3.0,https://creativecommons.org/licenses/by-sa/3.0,Yes,"Photo: Wat Pho, Bangkok, Tailandia, 2013-08-22, DD 22.jpg by Diego Delso, licensed under CC BY-SA 3.0 via Wikimedia Commons. Cropped/resized only if needed and converted to WebP.",Yes,Yes,2026-05-30,Matched Commons query: Wat Pho Bangkok.,Yes,2200,1259,637748
raweekanlaya-bangkok-05,4,The Raweekanlaya Bangkok Wellness Cuisine Resort,raweekanlaya-bangkok,Bangkok,Thailand,5,Food,Chatuchak Weekend Market P1100750.JPG,raweekanlaya-bangkok-05-food-street-food.jpg,raweekanlaya-bangkok-05-food-street-food.webp,public/images/hotels/raweekanlaya-bangkok/original/raweekanlaya-bangkok-05-food-street-food.jpg,/images/hotels/raweekanlaya-bangkok/web/raweekanlaya-bangkok-05-food-street-food.webp,Wikimedia Commons,https://commons.wikimedia.org/wiki/File:Chatuchak_Weekend_Market_P1100750.JPG,https://upload.wikimedia.org/wikipedia/commons/thumb/3/30/Chatuchak_Weekend_Market_P1100750.JPG/3840px-Chatuchak_Weekend_Market_P1100750.JPG,Deror Avi,,CC BY-SA 3.0,https://creativecommons.org/licenses/by-sa/3.0,Yes,"Photo: Chatuchak Weekend Market P1100750.JPG by Deror Avi, licensed under CC BY-SA 3.0 via Wikimedia Commons. Cropped/resized only if needed and converted to WebP.",Yes,Yes,2026-05-30,Matched Commons query: Bangkok street food market.,Yes,2200,1650,315798
raweekanlaya-bangkok-06,4,The Raweekanlaya Bangkok Wellness Cuisine Resort,raweekanlaya-bangkok,Bangkok,Thailand,6,Secondary,"A roof of a building at the Grand Palace, Bangkok, sunrise, 2017.jpg",raweekanlaya-bangkok-06-secondary-grand-palace.jpg,raweekanlaya-bangkok-06-secondary-grand-palace.webp,public/images/hotels/raweekanlaya-bangkok/original/raweekanlaya-bangkok-06-secondary-grand-palace.jpg,/images/hotels/raweekanlaya-bangkok/web/raweekanlaya-bangkok-06-secondary-grand-palace.webp,Wikimedia Commons,"https://commons.wikimedia.org/wiki/File:A_roof_of_a_building_at_the_Grand_Palace,_Bangkok,_sunrise,_2017.jpg",https://upload.wikimedia.org/wikipedia/commons/thumb/3/30/A_roof_of_a_building_at_the_Grand_Palace%2C_Bangkok%2C_sunrise%2C_2017.jpg/3840px-A_roof_of_a_building_at_the_Grand_Palace%2C_Bangkok%2C_sunrise%2C_2017.jpg,Bjørn Erik Pedersen,,CC BY-SA 4.0,https://creativecommons.org/licenses/by-sa/4.0,Yes,"Photo: A roof of a building at the Grand Palace, Bangkok, sunrise, 2017.jpg by Bjørn Erik Pedersen, licensed under CC BY-SA 4.0 via Wikimedia Commons. Cropped/resized only if needed and converted to WebP.",Yes,Yes,2026-05-30,Matched Commons query: Grand Palace Bangkok.,Yes,2200,1462,207220
stamba-hotel-tbilisi-01,5,Stamba Hotel,stamba-hotel-tbilisi,Tbilisi,Georgia,1,Hero,"Kura River in the central part of Tbilisi, 2007-09-28.jpg",stamba-hotel-tbilisi-01-hero-stamba-hotel.jpg,stamba-hotel-tbilisi-01-hero-stamba-hotel.webp,public/images/hotels/stamba-hotel-tbilisi/original/stamba-hotel-tbilisi-01-hero-stamba-hotel.jpg,/images/hotels/stamba-hotel-tbilisi/web/stamba-hotel-tbilisi-01-hero-stamba-hotel.webp,Wikimedia Commons,"https://commons.wikimedia.org/wiki/File:Kura_River_in_the_central_part_of_Tbilisi,_2007-09-28.jpg",https://upload.wikimedia.org/wikipedia/commons/thumb/a/ab/Kura_River_in_the_central_part_of_Tbilisi%2C_2007-09-28.jpg/3840px-Kura_River_in_the_central_part_of_Tbilisi%2C_2007-09-28.jpg,EvgenyGenkin,,CC BY 2.5,https://creativecommons.org/licenses/by/2.5,Yes,"Photo: Kura River in the central part of Tbilisi, 2007-09-28.jpg by EvgenyGenkin, licensed under CC BY 2.5 via Wikimedia Commons. Cropped/resized only if needed and converted to WebP.",Yes,Yes,2026-05-30,Matched Commons query: Tbilisi Tbilisi. Hotel-specific image not found under safe licence; using destination/neighbourhood alternative.,Yes,2200,1466,588150
stamba-hotel-tbilisi-02,5,Stamba Hotel,stamba-hotel-tbilisi,Tbilisi,Georgia,2,Hotel,"2014 Tbilisi, Łaźnie siarkowe w Abanotubani (01).jpg",stamba-hotel-tbilisi-02-hotel-stamba-hotel-tbilisi-02.jpg,stamba-hotel-tbilisi-02-hotel-stamba-hotel-tbilisi-02.webp,public/images/hotels/stamba-hotel-tbilisi/original/stamba-hotel-tbilisi-02-hotel-stamba-hotel-tbilisi-02.jpg,/images/hotels/stamba-hotel-tbilisi/web/stamba-hotel-tbilisi-02-hotel-stamba-hotel-tbilisi-02.webp,Wikimedia Commons,"https://commons.wikimedia.org/wiki/File:2014_Tbilisi,_%C5%81a%C5%BAnie_siarkowe_w_Abanotubani_(01).jpg",https://upload.wikimedia.org/wikipedia/commons/thumb/6/6a/2014_Tbilisi%2C_%C5%81a%C5%BAnie_siarkowe_w_Abanotubani_%2801%29.jpg/3840px-2014_Tbilisi%2C_%C5%81a%C5%BAnie_siarkowe_w_Abanotubani_%2801%29.jpg,Marcin Konsek,,CC BY-SA 4.0,https://creativecommons.org/licenses/by-sa/4.0,Yes,"Photo: 2014 Tbilisi, Łaźnie siarkowe w Abanotubani (01).jpg by Marcin Konsek, licensed under CC BY-SA 4.0 via Wikimedia Commons. Cropped/resized only if needed and converted to WebP.",Yes,Yes,2026-05-30,Recovered with Commons query: Tbilisi architecture. Hotel-specific image not found under safe licence; using destination alternative.,Yes,2200,1466,529088
stamba-hotel-tbilisi-03,5,Stamba Hotel,stamba-hotel-tbilisi,Tbilisi,Georgia,3,City,"Tbilisi, Old town, Georgia.jpg",stamba-hotel-tbilisi-03-city-old-town.jpg,stamba-hotel-tbilisi-03-city-old-town.webp,public/images/hotels/stamba-hotel-tbilisi/original/stamba-hotel-tbilisi-03-city-old-town.jpg,/images/hotels/stamba-hotel-tbilisi/web/stamba-hotel-tbilisi-03-city-old-town.webp,Wikimedia Commons,"https://commons.wikimedia.org/wiki/File:Tbilisi,_Old_town,_Georgia.jpg",https://upload.wikimedia.org/wikipedia/commons/thumb/d/d4/Tbilisi%2C_Old_town%2C_Georgia.jpg/3840px-Tbilisi%2C_Old_town%2C_Georgia.jpg,Vyacheslav Argenberg,,CC BY 4.0,https://creativecommons.org/licenses/by/4.0,Yes,"Photo: Tbilisi, Old town, Georgia.jpg by Vyacheslav Argenberg, licensed under CC BY 4.0 via Wikimedia Commons. Cropped/resized only if needed and converted to WebP.",Yes,Yes,2026-05-30,Matched Commons query: Tbilisi old town architecture.,Yes,2200,1462,490400
stamba-hotel-tbilisi-04,5,Stamba Hotel,stamba-hotel-tbilisi,Tbilisi,Georgia,4,Attraction,"Narikala fortress, Tbilisi, Georgia.jpg",stamba-hotel-tbilisi-04-attraction-narikala.jpg,stamba-hotel-tbilisi-04-attraction-narikala.webp,public/images/hotels/stamba-hotel-tbilisi/original/stamba-hotel-tbilisi-04-attraction-narikala.jpg,/images/hotels/stamba-hotel-tbilisi/web/stamba-hotel-tbilisi-04-attraction-narikala.webp,Wikimedia Commons,"https://commons.wikimedia.org/wiki/File:Narikala_fortress,_Tbilisi,_Georgia.jpg",https://upload.wikimedia.org/wikipedia/commons/thumb/0/02/Narikala_fortress%2C_Tbilisi%2C_Georgia.jpg/3840px-Narikala_fortress%2C_Tbilisi%2C_Georgia.jpg,This work is created by George Melashvili. You can redistribute it or modify it under the terms of the terms of Cc-by-sa-3.0 (See below) საქართველო,,CC BY-SA 3.0,https://creativecommons.org/licenses/by-sa/3.0,Yes,"Photo: Narikala fortress, Tbilisi, Georgia.jpg by This work is created by George Melashvili. You can redistribute it or modify it under the terms of the terms of Cc-by-sa-3.0 (See below) საქართველო, licensed under CC BY-SA 3.0 via Wikimedia Commons. Cropped/resized only if needed and converted to WebP.",Yes,Yes,2026-05-30,Matched Commons query: Narikala Fortress Tbilisi.,Yes,2200,1466,263594
stamba-hotel-tbilisi-05,5,Stamba Hotel,stamba-hotel-tbilisi,Tbilisi,Georgia,5,Food,Khinkali 551.jpg,stamba-hotel-tbilisi-05-food-stamba-hotel-tbilisi-05.jpg,stamba-hotel-tbilisi-05-food-stamba-hotel-tbilisi-05.webp,public/images/hotels/stamba-hotel-tbilisi/original/stamba-hotel-tbilisi-05-food-stamba-hotel-tbilisi-05.jpg,/images/hotels/stamba-hotel-tbilisi/web/stamba-hotel-tbilisi-05-food-stamba-hotel-tbilisi-05.webp,Wikimedia Commons,https://commons.wikimedia.org/wiki/File:Khinkali_551.jpg,https://upload.wikimedia.org/wikipedia/commons/thumb/5/50/Khinkali_551.jpg/3840px-Khinkali_551.jpg,MIKHEIL,,CC BY-SA 4.0,https://creativecommons.org/licenses/by-sa/4.0,Yes,"Photo: Khinkali 551.jpg by MIKHEIL, licensed under CC BY-SA 4.0 via Wikimedia Commons. Cropped/resized only if needed and converted to WebP.",Yes,Yes,2026-05-30,Recovered with Commons query: Khinkali Georgia. Hotel-specific image not found under safe licence; using destination alternative.,Yes,2200,1280,141568
stamba-hotel-tbilisi-06,5,Stamba Hotel,stamba-hotel-tbilisi,Tbilisi,Georgia,6,Secondary,"Rustaveli Avenue, Tbilisi (A).jpg",stamba-hotel-tbilisi-06-secondary-rustaveli.jpg,stamba-hotel-tbilisi-06-secondary-rustaveli.webp,public/images/hotels/stamba-hotel-tbilisi/original/stamba-hotel-tbilisi-06-secondary-rustaveli.jpg,/images/hotels/stamba-hotel-tbilisi/web/stamba-hotel-tbilisi-06-secondary-rustaveli.webp,Wikimedia Commons,"https://commons.wikimedia.org/wiki/File:Rustaveli_Avenue,_Tbilisi_(A).jpg",https://upload.wikimedia.org/wikipedia/commons/thumb/b/b7/Rustaveli_Avenue%2C_Tbilisi_%28A%29.jpg/3840px-Rustaveli_Avenue%2C_Tbilisi_%28A%29.jpg,Kober,,Public domain,Unknown / not listed,No,"Image: Rustaveli Avenue, Tbilisi (A).jpg by Kober, public domain via Wikimedia Commons.",Yes,Yes,2026-05-30,Matched Commons query: Rustaveli Avenue Tbilisi.,Yes,2200,1567,241276
angkor-aurora-siem-reap-01,6,Angkor Aurora,angkor-aurora-siem-reap,Siem Reap,Cambodia,1,Hero,Preah Pithu T Monks - Siem Reap.jpg,angkor-aurora-siem-reap-01-hero-angkor-aurora.jpg,angkor-aurora-siem-reap-01-hero-angkor-aurora.webp,public/images/hotels/angkor-aurora-siem-reap/original/angkor-aurora-siem-reap-01-hero-angkor-aurora.jpg,/images/hotels/angkor-aurora-siem-reap/web/angkor-aurora-siem-reap-01-hero-angkor-aurora.webp,Wikimedia Commons,https://commons.wikimedia.org/wiki/File:Preah_Pithu_T_Monks_-_Siem_Reap.jpg,https://upload.wikimedia.org/wikipedia/commons/thumb/5/5f/Preah_Pithu_T_Monks_-_Siem_Reap.jpg/3840px-Preah_Pithu_T_Monks_-_Siem_Reap.jpg,JJ Harrison (https://www.jjharrison.com.au/),,CC BY-SA 3.0,https://creativecommons.org/licenses/by-sa/3.0,Yes,"Photo: Preah Pithu T Monks - Siem Reap.jpg by JJ Harrison (https://www.jjharrison.com.au/), licensed under CC BY-SA 3.0 via Wikimedia Commons. Cropped/resized only if needed and converted to WebP.",Yes,Yes,2026-05-30,Matched Commons query: Siem Reap Siem Reap. Hotel-specific image not found under safe licence; using destination/neighbourhood alternative.,Yes,2200,1466,1257278
angkor-aurora-siem-reap-02,6,Angkor Aurora,angkor-aurora-siem-reap,Siem Reap,Cambodia,2,Hotel,Pool on the hotel's roof - panoramio.jpg,angkor-aurora-siem-reap-02-hotel-angkor-aurora-siem-reap-02.jpg,angkor-aurora-siem-reap-02-hotel-angkor-aurora-siem-reap-02.webp,public/images/hotels/angkor-aurora-siem-reap/original/angkor-aurora-siem-reap-02-hotel-angkor-aurora-siem-reap-02.jpg,/images/hotels/angkor-aurora-siem-reap/web/angkor-aurora-siem-reap-02-hotel-angkor-aurora-siem-reap-02.webp,Wikimedia Commons,https://commons.wikimedia.org/wiki/File:Pool_on_the_hotel%27s_roof_-_panoramio.jpg,https://upload.wikimedia.org/wikipedia/commons/thumb/b/b4/Pool_on_the_hotel%27s_roof_-_panoramio.jpg/3840px-Pool_on_the_hotel%27s_roof_-_panoramio.jpg,Evgeniy Metyolkin,,CC BY-SA 3.0,https://creativecommons.org/licenses/by-sa/3.0,Yes,"Photo: Pool on the hotel's roof - panoramio.jpg by Evgeniy Metyolkin, licensed under CC BY-SA 3.0 via Wikimedia Commons. Cropped/resized only if needed and converted to WebP.",Yes,Yes,2026-05-30,Recovered with Commons query: Siem Reap hotel pool. Hotel-specific image not found under safe licence; using destination alternative.,Yes,2200,1466,140830
angkor-aurora-siem-reap-03,6,Angkor Aurora,angkor-aurora-siem-reap,Siem Reap,Cambodia,3,City,Tonle Sap Siem Reap Cambodia Girl-steering-her-boat-01.jpg,angkor-aurora-siem-reap-03-city-siem-reap.jpg,angkor-aurora-siem-reap-03-city-siem-reap.webp,public/images/hotels/angkor-aurora-siem-reap/original/angkor-aurora-siem-reap-03-city-siem-reap.jpg,/images/hotels/angkor-aurora-siem-reap/web/angkor-aurora-siem-reap-03-city-siem-reap.webp,Wikimedia Commons,https://commons.wikimedia.org/wiki/File:Tonle_Sap_Siem_Reap_Cambodia_Girl-steering-her-boat-01.jpg,https://upload.wikimedia.org/wikipedia/commons/thumb/4/4b/Tonle_Sap_Siem_Reap_Cambodia_Girl-steering-her-boat-01.jpg/3840px-Tonle_Sap_Siem_Reap_Cambodia_Girl-steering-her-boat-01.jpg,"CEphoto, Uwe Aranas",,CC BY-SA 3.0,https://creativecommons.org/licenses/by-sa/3.0,Yes,"Photo: Tonle Sap Siem Reap Cambodia Girl-steering-her-boat-01.jpg by CEphoto, Uwe Aranas, licensed under CC BY-SA 3.0 via Wikimedia Commons. Cropped/resized only if needed and converted to WebP.",Yes,Yes,2026-05-30,Matched Commons query: Siem Reap Cambodia street.,Yes,2200,1466,181738
angkor-aurora-siem-reap-04,6,Angkor Aurora,angkor-aurora-siem-reap,Siem Reap,Cambodia,4,Attraction,"Angkor Wat, Camboya, 2013-08-16, DD 068.JPG",angkor-aurora-siem-reap-04-attraction-angkor-wat.jpg,angkor-aurora-siem-reap-04-attraction-angkor-wat.webp,public/images/hotels/angkor-aurora-siem-reap/original/angkor-aurora-siem-reap-04-attraction-angkor-wat.jpg,/images/hotels/angkor-aurora-siem-reap/web/angkor-aurora-siem-reap-04-attraction-angkor-wat.webp,Wikimedia Commons,"https://commons.wikimedia.org/wiki/File:Angkor_Wat,_Camboya,_2013-08-16,_DD_068.JPG",https://upload.wikimedia.org/wikipedia/commons/thumb/c/c8/Angkor_Wat%2C_Camboya%2C_2013-08-16%2C_DD_068.JPG/3840px-Angkor_Wat%2C_Camboya%2C_2013-08-16%2C_DD_068.JPG,Diego Delso,,CC BY-SA 3.0,https://creativecommons.org/licenses/by-sa/3.0,Yes,"Photo: Angkor Wat, Camboya, 2013-08-16, DD 068.JPG by Diego Delso, licensed under CC BY-SA 3.0 via Wikimedia Commons. Cropped/resized only if needed and converted to WebP.",Yes,Yes,2026-05-30,Matched Commons query: Angkor Wat Cambodia.,Yes,2200,982,202774
angkor-aurora-siem-reap-05,6,Angkor Aurora,angkor-aurora-siem-reap,Siem Reap,Cambodia,5,Food,PP Central Market- fried bugs for sale (14064725217).jpg,angkor-aurora-siem-reap-05-food-cambodian-food.jpg,angkor-aurora-siem-reap-05-food-cambodian-food.webp,public/images/hotels/angkor-aurora-siem-reap/original/angkor-aurora-siem-reap-05-food-cambodian-food.jpg,/images/hotels/angkor-aurora-siem-reap/web/angkor-aurora-siem-reap-05-food-cambodian-food.webp,Wikimedia Commons,https://commons.wikimedia.org/wiki/File:PP_Central_Market-_fried_bugs_for_sale_(14064725217).jpg,https://upload.wikimedia.org/wikipedia/commons/thumb/6/60/PP_Central_Market-_fried_bugs_for_sale_%2814064725217%29.jpg/3840px-PP_Central_Market-_fried_bugs_for_sale_%2814064725217%29.jpg,"shankar s. from Dubai, united arab emirates",,CC BY 2.0,https://creativecommons.org/licenses/by/2.0,Yes,"Photo: PP Central Market- fried bugs for sale (14064725217).jpg by shankar s. from Dubai, united arab emirates, licensed under CC BY 2.0 via Wikimedia Commons. Cropped/resized only if needed and converted to WebP.",Yes,Yes,2026-05-30,Matched Commons query: Cambodian food market Siem Reap.,Yes,2200,1460,956370
angkor-aurora-siem-reap-06,6,Angkor Aurora,angkor-aurora-siem-reap,Siem Reap,Cambodia,6,Secondary,"2016 Angkor, Ta Prohm (07).jpg",angkor-aurora-siem-reap-06-secondary-ta-prohm.jpg,angkor-aurora-siem-reap-06-secondary-ta-prohm.webp,public/images/hotels/angkor-aurora-siem-reap/original/angkor-aurora-siem-reap-06-secondary-ta-prohm.jpg,/images/hotels/angkor-aurora-siem-reap/web/angkor-aurora-siem-reap-06-secondary-ta-prohm.webp,Wikimedia Commons,"https://commons.wikimedia.org/wiki/File:2016_Angkor,_Ta_Prohm_(07).jpg",https://upload.wikimedia.org/wikipedia/commons/thumb/e/e3/2016_Angkor%2C_Ta_Prohm_%2807%29.jpg/3840px-2016_Angkor%2C_Ta_Prohm_%2807%29.jpg,Marcin Konsek,,CC BY-SA 4.0,https://creativecommons.org/licenses/by-sa/4.0,Yes,"Photo: 2016 Angkor, Ta Prohm (07).jpg by Marcin Konsek, licensed under CC BY-SA 4.0 via Wikimedia Commons. Cropped/resized only if needed and converted to WebP.",Yes,Yes,2026-05-30,Matched Commons query: Ta Prohm Cambodia.,Yes,2200,1466,1436348
royal-surakarta-heritage-01,7,The Royal Surakarta Heritage - Handwritten Collection,royal-surakarta-heritage,Solo / Surakarta,Indonesia,1,Hero,Keraton surakarta.jpg,royal-surakarta-heritage-01-hero-royal-surakarta-heritage-01.jpg,royal-surakarta-heritage-01-hero-royal-surakarta-heritage-01.webp,public/images/hotels/royal-surakarta-heritage/original/royal-surakarta-heritage-01-hero-royal-surakarta-heritage-01.jpg,/images/hotels/royal-surakarta-heritage/web/royal-surakarta-heritage-01-hero-royal-surakarta-heritage-01.webp,Wikimedia Commons,https://commons.wikimedia.org/wiki/File:Keraton_surakarta.jpg,https://upload.wikimedia.org/wikipedia/commons/thumb/4/4e/Keraton_surakarta.jpg/3840px-Keraton_surakarta.jpg,Munaqo,,CC BY-SA 4.0,https://creativecommons.org/licenses/by-sa/4.0,Yes,"Photo: Keraton surakarta.jpg by Munaqo, licensed under CC BY-SA 4.0 via Wikimedia Commons. Cropped/resized only if needed and converted to WebP.",Yes,Yes,2026-05-30,Recovered with Commons query: Keraton Surakarta. Hotel-specific image not found under safe licence; using destination alternative.,Yes,2200,1040,203876
royal-surakarta-heritage-02,7,The Royal Surakarta Heritage - Handwritten Collection,royal-surakarta-heritage,Solo / Surakarta,Indonesia,2,Hotel,"Solo Nobles, Java.jpg",royal-surakarta-heritage-02-hotel-javanese-palace.jpg,royal-surakarta-heritage-02-hotel-javanese-palace.webp,public/images/hotels/royal-surakarta-heritage/original/royal-surakarta-heritage-02-hotel-javanese-palace.jpg,/images/hotels/royal-surakarta-heritage/web/royal-surakarta-heritage-02-hotel-javanese-palace.webp,Wikimedia Commons,"https://commons.wikimedia.org/wiki/File:Solo_Nobles,_Java.jpg",https://upload.wikimedia.org/wikipedia/commons/5/5b/Solo_Nobles%2C_Java.jpg,"Mackellar, C. D",,Public domain,Unknown / not listed,No,"Image: Solo Nobles, Java.jpg by Mackellar, C. D, public domain via Wikimedia Commons.",Yes,Yes,2026-05-30,Matched Commons query: Solo / Surakarta Indonesia travel. Hotel-specific image not found under safe licence; using destination/neighbourhood alternative.,Yes,1142,771,80496
royal-surakarta-heritage-03,7,The Royal Surakarta Heritage - Handwritten Collection,royal-surakarta-heritage,Solo / Surakarta,Indonesia,3,City,Keraton Surakarta.jpg,royal-surakarta-heritage-03-city-surakarta-city.jpg,royal-surakarta-heritage-03-city-surakarta-city.webp,public/images/hotels/royal-surakarta-heritage/original/royal-surakarta-heritage-03-city-surakarta-city.jpg,/images/hotels/royal-surakarta-heritage/web/royal-surakarta-heritage-03-city-surakarta-city.webp,Wikimedia Commons,https://commons.wikimedia.org/wiki/File:Keraton_Surakarta.jpg,https://upload.wikimedia.org/wikipedia/commons/thumb/d/da/Keraton_Surakarta.jpg/3840px-Keraton_Surakarta.jpg,Gunarta,,CC BY-SA 4.0,https://creativecommons.org/licenses/by-sa/4.0,Yes,"Photo: Keraton Surakarta.jpg by Gunarta, licensed under CC BY-SA 4.0 via Wikimedia Commons. Cropped/resized only if needed and converted to WebP.",Yes,Yes,2026-05-30,Matched Commons query: Surakarta Solo city Indonesia.,Yes,2200,1647,294294
royal-surakarta-heritage-04,7,The Royal Surakarta Heritage - Handwritten Collection,royal-surakarta-heritage,Solo / Surakarta,Indonesia,4,Attraction,Sasana Sewaka Keraton Surakarta.JPG,royal-surakarta-heritage-04-attraction-keraton-surakarta.jpg,royal-surakarta-heritage-04-attraction-keraton-surakarta.webp,public/images/hotels/royal-surakarta-heritage/original/royal-surakarta-heritage-04-attraction-keraton-surakarta.jpg,/images/hotels/royal-surakarta-heritage/web/royal-surakarta-heritage-04-attraction-keraton-surakarta.webp,Wikimedia Commons,https://commons.wikimedia.org/wiki/File:Sasana_Sewaka_Keraton_Surakarta.JPG,https://upload.wikimedia.org/wikipedia/commons/thumb/4/4a/Sasana_Sewaka_Keraton_Surakarta.JPG/3840px-Sasana_Sewaka_Keraton_Surakarta.JPG,Baskoro Aji,,CC BY-SA 4.0,https://creativecommons.org/licenses/by-sa/4.0,Yes,"Photo: Sasana Sewaka Keraton Surakarta.JPG by Baskoro Aji, licensed under CC BY-SA 4.0 via Wikimedia Commons. Cropped/resized only if needed and converted to WebP.",Yes,Yes,2026-05-30,Matched Commons query: Keraton Surakarta.,Yes,2200,1466,263512
royal-surakarta-heritage-05,7,The Royal Surakarta Heritage - Handwritten Collection,royal-surakarta-heritage,Solo / Surakarta,Indonesia,5,Food,Sosis Solo.jpg,royal-surakarta-heritage-05-food-solo-food.jpg,royal-surakarta-heritage-05-food-solo-food.webp,public/images/hotels/royal-surakarta-heritage/original/royal-surakarta-heritage-05-food-solo-food.jpg,/images/hotels/royal-surakarta-heritage/web/royal-surakarta-heritage-05-food-solo-food.webp,Wikimedia Commons,https://commons.wikimedia.org/wiki/File:Sosis_Solo.jpg,https://upload.wikimedia.org/wikipedia/commons/thumb/d/d2/Sosis_Solo.jpg/3840px-Sosis_Solo.jpg,Aininapple,,CC BY-SA 4.0,https://creativecommons.org/licenses/by-sa/4.0,Yes,"Photo: Sosis Solo.jpg by Aininapple, licensed under CC BY-SA 4.0 via Wikimedia Commons. Cropped/resized only if needed and converted to WebP.",Yes,Yes,2026-05-30,Matched Commons query: Solo / Surakarta Indonesia solo food.,Yes,2200,1466,123662
royal-surakarta-heritage-06,7,The Royal Surakarta Heritage - Handwritten Collection,royal-surakarta-heritage,Solo / Surakarta,Indonesia,6,Secondary,Taman Pura Mangkunegaran.JPG,royal-surakarta-heritage-06-secondary-mangkunegaran.jpg,royal-surakarta-heritage-06-secondary-mangkunegaran.webp,public/images/hotels/royal-surakarta-heritage/original/royal-surakarta-heritage-06-secondary-mangkunegaran.jpg,/images/hotels/royal-surakarta-heritage/web/royal-surakarta-heritage-06-secondary-mangkunegaran.webp,Wikimedia Commons,https://commons.wikimedia.org/wiki/File:Taman_Pura_Mangkunegaran.JPG,https://upload.wikimedia.org/wikipedia/commons/thumb/3/39/Taman_Pura_Mangkunegaran.JPG/3840px-Taman_Pura_Mangkunegaran.JPG,Baskoro Aji,,CC BY-SA 4.0,https://creativecommons.org/licenses/by-sa/4.0,Yes,"Photo: Taman Pura Mangkunegaran.JPG by Baskoro Aji, licensed under CC BY-SA 4.0 via Wikimedia Commons. Cropped/resized only if needed and converted to WebP.",Yes,Yes,2026-05-30,Matched Commons query: Pura Mangkunegaran Surakarta.,Yes,2200,1466,317394
pleiada-boutique-hotel-iasi-01,8,Pleiada Boutique Hotel & Spa,pleiada-boutique-hotel-iasi,Iasi,Romania,1,Hero,"Iasi, Palatul Culturii8.jpg",pleiada-boutique-hotel-iasi-01-hero-pleiada-boutique-hotel-iasi-01.jpg,pleiada-boutique-hotel-iasi-01-hero-pleiada-boutique-hotel-iasi-01.webp,public/images/hotels/pleiada-boutique-hotel-iasi/original/pleiada-boutique-hotel-iasi-01-hero-pleiada-boutique-hotel-iasi-01.jpg,/images/hotels/pleiada-boutique-hotel-iasi/web/pleiada-boutique-hotel-iasi-01-hero-pleiada-boutique-hotel-iasi-01.webp,Wikimedia Commons,"https://commons.wikimedia.org/wiki/File:Iasi,_Palatul_Culturii8.jpg",https://upload.wikimedia.org/wikipedia/commons/thumb/a/aa/Iasi%2C_Palatul_Culturii8.jpg/3840px-Iasi%2C_Palatul_Culturii8.jpg,Argenna,,CC BY-SA 4.0,https://creativecommons.org/licenses/by-sa/4.0,Yes,"Photo: Iasi, Palatul Culturii8.jpg by Argenna, licensed under CC BY-SA 4.0 via Wikimedia Commons. Cropped/resized only if needed and converted to WebP.",Yes,Yes,2026-05-30,Recovered with Commons query: Palace of Culture Iasi. Hotel-specific image not found under safe licence; using destination alternative.,Yes,2200,1655,432166
pleiada-boutique-hotel-iasi-02,8,Pleiada Boutique Hotel & Spa,pleiada-boutique-hotel-iasi,Iasi,Romania,2,Hotel,The building of the Romanian Academy in Iasi.jpg,pleiada-boutique-hotel-iasi-02-hotel-iasi-architecture.jpg,pleiada-boutique-hotel-iasi-02-hotel-iasi-architecture.webp,public/images/hotels/pleiada-boutique-hotel-iasi/original/pleiada-boutique-hotel-iasi-02-hotel-iasi-architecture.jpg,/images/hotels/pleiada-boutique-hotel-iasi/web/pleiada-boutique-hotel-iasi-02-hotel-iasi-architecture.webp,Wikimedia Commons,https://commons.wikimedia.org/wiki/File:The_building_of_the_Romanian_Academy_in_Iasi.jpg,https://upload.wikimedia.org/wikipedia/commons/thumb/5/54/The_building_of_the_Romanian_Academy_in_Iasi.jpg/3840px-The_building_of_the_Romanian_Academy_in_Iasi.jpg,Argenna,,CC BY-SA 3.0,https://creativecommons.org/licenses/by-sa/3.0,Yes,"Photo: The building of the Romanian Academy in Iasi.jpg by Argenna, licensed under CC BY-SA 3.0 via Wikimedia Commons. Cropped/resized only if needed and converted to WebP.",Yes,Yes,2026-05-30,Matched Commons query: Iasi Romania iasi architecture. Hotel-specific image not found under safe licence; using destination/neighbourhood alternative.,Yes,2200,1650,452070
pleiada-boutique-hotel-iasi-03,8,Pleiada Boutique Hotel & Spa,pleiada-boutique-hotel-iasi,Iasi,Romania,3,City,Gradina Botanica din Iasi - lacul22.JPG,pleiada-boutique-hotel-iasi-03-city-iasi-city.jpg,pleiada-boutique-hotel-iasi-03-city-iasi-city.webp,public/images/hotels/pleiada-boutique-hotel-iasi/original/pleiada-boutique-hotel-iasi-03-city-iasi-city.jpg,/images/hotels/pleiada-boutique-hotel-iasi/web/pleiada-boutique-hotel-iasi-03-city-iasi-city.webp,Wikimedia Commons,https://commons.wikimedia.org/wiki/File:Gradina_Botanica_din_Iasi_-_lacul22.JPG,https://upload.wikimedia.org/wikipedia/commons/thumb/7/7e/Gradina_Botanica_din_Iasi_-_lacul22.JPG/3840px-Gradina_Botanica_din_Iasi_-_lacul22.JPG,Cezar Suceveanu,,CC BY-SA 4.0,https://creativecommons.org/licenses/by-sa/4.0,Yes,"Photo: Gradina Botanica din Iasi - lacul22.JPG by Cezar Suceveanu, licensed under CC BY-SA 4.0 via Wikimedia Commons. Cropped/resized only if needed and converted to WebP.",Yes,Yes,2026-05-30,Matched Commons query: Iasi Romania city.,Yes,2200,1650,763566
pleiada-boutique-hotel-iasi-04,8,Pleiada Boutique Hotel & Spa,pleiada-boutique-hotel-iasi,Iasi,Romania,4,Attraction,"Iasi, Palatul Culturii4.jpg",pleiada-boutique-hotel-iasi-04-attraction-palace-of-culture.jpg,pleiada-boutique-hotel-iasi-04-attraction-palace-of-culture.webp,public/images/hotels/pleiada-boutique-hotel-iasi/original/pleiada-boutique-hotel-iasi-04-attraction-palace-of-culture.jpg,/images/hotels/pleiada-boutique-hotel-iasi/web/pleiada-boutique-hotel-iasi-04-attraction-palace-of-culture.webp,Wikimedia Commons,"https://commons.wikimedia.org/wiki/File:Iasi,_Palatul_Culturii4.jpg",https://upload.wikimedia.org/wikipedia/commons/thumb/f/fd/Iasi%2C_Palatul_Culturii4.jpg/3840px-Iasi%2C_Palatul_Culturii4.jpg,Argenna,,CC BY-SA 4.0,https://creativecommons.org/licenses/by-sa/4.0,Yes,"Photo: Iasi, Palatul Culturii4.jpg by Argenna, licensed under CC BY-SA 4.0 via Wikimedia Commons. Cropped/resized only if needed and converted to WebP.",Yes,Yes,2026-05-30,Matched Commons query: Palace of Culture Iasi.,Yes,2200,1656,190192
pleiada-boutique-hotel-iasi-05,8,Pleiada Boutique Hotel & Spa,pleiada-boutique-hotel-iasi,Iasi,Romania,5,Food,Romanian Rădăuțean soup.jpg,pleiada-boutique-hotel-iasi-05-food-romanian-food.jpg,pleiada-boutique-hotel-iasi-05-food-romanian-food.webp,public/images/hotels/pleiada-boutique-hotel-iasi/original/pleiada-boutique-hotel-iasi-05-food-romanian-food.jpg,/images/hotels/pleiada-boutique-hotel-iasi/web/pleiada-boutique-hotel-iasi-05-food-romanian-food.webp,Wikimedia Commons,https://commons.wikimedia.org/wiki/File:Romanian_R%C4%83d%C4%83u%C8%9Bean_soup.jpg,https://upload.wikimedia.org/wikipedia/commons/thumb/e/ea/Romanian_R%C4%83d%C4%83u%C8%9Bean_soup.jpg/3840px-Romanian_R%C4%83d%C4%83u%C8%9Bean_soup.jpg,Diana Jurca,,CC BY-SA 4.0,https://creativecommons.org/licenses/by-sa/4.0,Yes,"Photo: Romanian Rădăuțean soup.jpg by Diana Jurca, licensed under CC BY-SA 4.0 via Wikimedia Commons. Cropped/resized only if needed and converted to WebP.",Yes,Yes,2026-05-30,Matched Commons query: Romania romanian food.,Yes,2200,1451,907974
pleiada-boutique-hotel-iasi-06,8,Pleiada Boutique Hotel & Spa,pleiada-boutique-hotel-iasi,Iasi,Romania,6,Secondary,"Copou, Iași, Romania - panoramio (4).jpg",pleiada-boutique-hotel-iasi-06-secondary-copou-park.jpg,pleiada-boutique-hotel-iasi-06-secondary-copou-park.webp,public/images/hotels/pleiada-boutique-hotel-iasi/original/pleiada-boutique-hotel-iasi-06-secondary-copou-park.jpg,/images/hotels/pleiada-boutique-hotel-iasi/web/pleiada-boutique-hotel-iasi-06-secondary-copou-park.webp,Wikimedia Commons,"https://commons.wikimedia.org/wiki/File:Copou,_Ia%C8%99i,_Romania_-_panoramio_(4).jpg",https://upload.wikimedia.org/wikipedia/commons/thumb/a/ab/Copou%2C_Ia%C8%99i%2C_Romania_-_panoramio_%284%29.jpg/3840px-Copou%2C_Ia%C8%99i%2C_Romania_-_panoramio_%284%29.jpg,iliuta arsene,,CC BY 3.0,https://creativecommons.org/licenses/by/3.0,Yes,"Photo: Copou, Iași, Romania - panoramio (4).jpg by iliuta arsene, licensed under CC BY 3.0 via Wikimedia Commons. Cropped/resized only if needed and converted to WebP.",Yes,Yes,2026-05-30,Matched Commons query: Copou Park Iasi.,Yes,2200,1650,1170536
steigenberger-resort-achti-luxor-01,9,Steigenberger Resort Achti Luxor,steigenberger-resort-achti-luxor,Luxor,Egypt,1,Hero,Luxor Nile R05.jpg,steigenberger-resort-achti-luxor-01-hero-achti-luxor.jpg,steigenberger-resort-achti-luxor-01-hero-achti-luxor.webp,public/images/hotels/steigenberger-resort-achti-luxor/original/steigenberger-resort-achti-luxor-01-hero-achti-luxor.jpg,/images/hotels/steigenberger-resort-achti-luxor/web/steigenberger-resort-achti-luxor-01-hero-achti-luxor.webp,Wikimedia Commons,https://commons.wikimedia.org/wiki/File:Luxor_Nile_R05.jpg,https://upload.wikimedia.org/wikipedia/commons/thumb/5/53/Luxor_Nile_R05.jpg/3840px-Luxor_Nile_R05.jpg,Marc Ryckaert,,CC BY-SA 4.0,https://creativecommons.org/licenses/by-sa/4.0,Yes,"Photo: Luxor Nile R05.jpg by Marc Ryckaert, licensed under CC BY-SA 4.0 via Wikimedia Commons. Cropped/resized only if needed and converted to WebP.",Yes,Yes,2026-05-30,Matched Commons query: Luxor Nile. Hotel-specific image not found under safe licence; using destination/neighbourhood alternative.,Yes,2200,1453,491700
steigenberger-resort-achti-luxor-02,9,Steigenberger Resort Achti Luxor,steigenberger-resort-achti-luxor,Luxor,Egypt,2,Hotel,"Luxor Temple, Luxor, Egypt - Explore - Flickr - cattan2011.jpg",steigenberger-resort-achti-luxor-02-hotel-nile-resort.jpg,steigenberger-resort-achti-luxor-02-hotel-nile-resort.webp,public/images/hotels/steigenberger-resort-achti-luxor/original/steigenberger-resort-achti-luxor-02-hotel-nile-resort.jpg,/images/hotels/steigenberger-resort-achti-luxor/web/steigenberger-resort-achti-luxor-02-hotel-nile-resort.webp,Wikimedia Commons,"https://commons.wikimedia.org/wiki/File:Luxor_Temple,_Luxor,_Egypt_-_Explore_-_Flickr_-_cattan2011.jpg",https://upload.wikimedia.org/wikipedia/commons/thumb/2/2e/Luxor_Temple%2C_Luxor%2C_Egypt_-_Explore_-_Flickr_-_cattan2011.jpg/3840px-Luxor_Temple%2C_Luxor%2C_Egypt_-_Explore_-_Flickr_-_cattan2011.jpg,"cattan2011 from United Kingdom, United Kingdom",,CC BY 2.0,https://creativecommons.org/licenses/by/2.0,Yes,"Photo: Luxor Temple, Luxor, Egypt - Explore - Flickr - cattan2011.jpg by cattan2011 from United Kingdom, United Kingdom, licensed under CC BY 2.0 via Wikimedia Commons. Cropped/resized only if needed and converted to WebP.",Yes,Yes,2026-05-30,Matched Commons query: Luxor Egypt travel. Hotel-specific image not found under safe licence; using destination/neighbourhood alternative.,Yes,2200,1650,261546
steigenberger-resort-achti-luxor-03,9,Steigenberger Resort Achti Luxor,steigenberger-resort-achti-luxor,Luxor,Egypt,3,City,Nile Rowing Boats R01.jpg,steigenberger-resort-achti-luxor-03-city-luxor-nile.jpg,steigenberger-resort-achti-luxor-03-city-luxor-nile.webp,public/images/hotels/steigenberger-resort-achti-luxor/original/steigenberger-resort-achti-luxor-03-city-luxor-nile.jpg,/images/hotels/steigenberger-resort-achti-luxor/web/steigenberger-resort-achti-luxor-03-city-luxor-nile.webp,Wikimedia Commons,https://commons.wikimedia.org/wiki/File:Nile_Rowing_Boats_R01.jpg,https://upload.wikimedia.org/wikipedia/commons/thumb/d/df/Nile_Rowing_Boats_R01.jpg/3840px-Nile_Rowing_Boats_R01.jpg,Marc Ryckaert,,CC BY-SA 4.0,https://creativecommons.org/licenses/by-sa/4.0,Yes,"Photo: Nile Rowing Boats R01.jpg by Marc Ryckaert, licensed under CC BY-SA 4.0 via Wikimedia Commons. Cropped/resized only if needed and converted to WebP.",Yes,Yes,2026-05-30,Matched Commons query: Luxor Nile Egypt.,Yes,2200,1455,769248
steigenberger-resort-achti-luxor-04,9,Steigenberger Resort Achti Luxor,steigenberger-resort-achti-luxor,Luxor,Egypt,4,Attraction,"Templo de Karnak, Luxor, Egipto, 2022-04-03, DD 139.jpg",steigenberger-resort-achti-luxor-04-attraction-karnak-temple.jpg,steigenberger-resort-achti-luxor-04-attraction-karnak-temple.webp,public/images/hotels/steigenberger-resort-achti-luxor/original/steigenberger-resort-achti-luxor-04-attraction-karnak-temple.jpg,/images/hotels/steigenberger-resort-achti-luxor/web/steigenberger-resort-achti-luxor-04-attraction-karnak-temple.webp,Wikimedia Commons,"https://commons.wikimedia.org/wiki/File:Templo_de_Karnak,_Luxor,_Egipto,_2022-04-03,_DD_139.jpg",https://upload.wikimedia.org/wikipedia/commons/thumb/e/e1/Templo_de_Karnak%2C_Luxor%2C_Egipto%2C_2022-04-03%2C_DD_139.jpg/3840px-Templo_de_Karnak%2C_Luxor%2C_Egipto%2C_2022-04-03%2C_DD_139.jpg,Diego Delso,,CC BY-SA 4.0,https://creativecommons.org/licenses/by-sa/4.0,Yes,"Photo: Templo de Karnak, Luxor, Egipto, 2022-04-03, DD 139.jpg by Diego Delso, licensed under CC BY-SA 4.0 via Wikimedia Commons. Cropped/resized only if needed and converted to WebP.",Yes,Yes,2026-05-30,Matched Commons query: Karnak Temple Luxor.,Yes,2200,1466,603368
steigenberger-resort-achti-luxor-05,9,Steigenberger Resort Achti Luxor,steigenberger-resort-achti-luxor,Luxor,Egypt,5,Food,Egyptian Rice.JPG,steigenberger-resort-achti-luxor-05-food-steigenberger-resort-achti-luxor-05.jpg,steigenberger-resort-achti-luxor-05-food-steigenberger-resort-achti-luxor-05.webp,public/images/hotels/steigenberger-resort-achti-luxor/original/steigenberger-resort-achti-luxor-05-food-steigenberger-resort-achti-luxor-05.jpg,/images/hotels/steigenberger-resort-achti-luxor/web/steigenberger-resort-achti-luxor-05-food-steigenberger-resort-achti-luxor-05.webp,Wikimedia Commons,https://commons.wikimedia.org/wiki/File:Egyptian_Rice.JPG,https://upload.wikimedia.org/wikipedia/commons/thumb/c/ca/Egyptian_Rice.JPG/3840px-Egyptian_Rice.JPG,Showshow777,,CC BY-SA 4.0,https://creativecommons.org/licenses/by-sa/4.0,Yes,"Photo: Egyptian Rice.JPG by Showshow777, licensed under CC BY-SA 4.0 via Wikimedia Commons. Cropped/resized only if needed and converted to WebP.",Yes,Yes,2026-05-30,Recovered with Commons query: Egyptian cuisine. Hotel-specific image not found under safe licence; using destination alternative.,Yes,2200,1650,215890
steigenberger-resort-achti-luxor-06,9,Steigenberger Resort Achti Luxor,steigenberger-resort-achti-luxor,Luxor,Egypt,6,Secondary,Luxor Valley of the Kings A.jpg,steigenberger-resort-achti-luxor-06-secondary-valley-of-the-kings.jpg,steigenberger-resort-achti-luxor-06-secondary-valley-of-the-kings.webp,public/images/hotels/steigenberger-resort-achti-luxor/original/steigenberger-resort-achti-luxor-06-secondary-valley-of-the-kings.jpg,/images/hotels/steigenberger-resort-achti-luxor/web/steigenberger-resort-achti-luxor-06-secondary-valley-of-the-kings.webp,Wikimedia Commons,https://commons.wikimedia.org/wiki/File:Luxor_Valley_of_the_Kings_A.jpg,https://upload.wikimedia.org/wikipedia/commons/thumb/4/4b/Luxor_Valley_of_the_Kings_A.jpg/3840px-Luxor_Valley_of_the_Kings_A.jpg,Wouter Hagens,,CC BY-SA 3.0,https://creativecommons.org/licenses/by-sa/3.0,Yes,"Photo: Luxor Valley of the Kings A.jpg by Wouter Hagens, licensed under CC BY-SA 3.0 via Wikimedia Commons. Cropped/resized only if needed and converted to WebP.",Yes,Yes,2026-05-30,Matched Commons query: Valley of the Kings Luxor.,Yes,2200,1460,620658
silk-path-grand-hue-01,10,Silk Path Grand Hue Hotel & Spa,silk-path-grand-hue,Hue,Vietnam,1,Hero,Hue Vietnam Citadel-of-Huế-11.jpg,silk-path-grand-hue-01-hero-silk-path-grand-hue-01.jpg,silk-path-grand-hue-01-hero-silk-path-grand-hue-01.webp,public/images/hotels/silk-path-grand-hue/original/silk-path-grand-hue-01-hero-silk-path-grand-hue-01.jpg,/images/hotels/silk-path-grand-hue/web/silk-path-grand-hue-01-hero-silk-path-grand-hue-01.webp,Wikimedia Commons,https://commons.wikimedia.org/wiki/File:Hue_Vietnam_Citadel-of-Hu%E1%BA%BF-11.jpg,https://upload.wikimedia.org/wikipedia/commons/thumb/8/82/Hue_Vietnam_Citadel-of-Hu%E1%BA%BF-11.jpg/3840px-Hue_Vietnam_Citadel-of-Hu%E1%BA%BF-11.jpg,"CEphoto, Uwe Aranas",,CC BY-SA 3.0,https://creativecommons.org/licenses/by-sa/3.0,Yes,"Photo: Hue Vietnam Citadel-of-Huế-11.jpg by CEphoto, Uwe Aranas, licensed under CC BY-SA 3.0 via Wikimedia Commons. Cropped/resized only if needed and converted to WebP.",Yes,Yes,2026-05-30,Recovered with Commons query: Imperial City Hue Vietnam. Hotel-specific image not found under safe licence; using destination alternative.,Yes,2200,1466,891512
silk-path-grand-hue-02,10,Silk Path Grand Hue Hotel & Spa,silk-path-grand-hue,Hue,Vietnam,2,Hotel,Hue Vietnam Cổng-Trai-cung-01.jpg,silk-path-grand-hue-02-hotel-silk-path-grand-hue-02.jpg,silk-path-grand-hue-02-hotel-silk-path-grand-hue-02.webp,public/images/hotels/silk-path-grand-hue/original/silk-path-grand-hue-02-hotel-silk-path-grand-hue-02.jpg,/images/hotels/silk-path-grand-hue/web/silk-path-grand-hue-02-hotel-silk-path-grand-hue-02.webp,Wikimedia Commons,https://commons.wikimedia.org/wiki/File:Hue_Vietnam_C%E1%BB%95ng-Trai-cung-01.jpg,https://upload.wikimedia.org/wikipedia/commons/thumb/b/ba/Hue_Vietnam_C%E1%BB%95ng-Trai-cung-01.jpg/3840px-Hue_Vietnam_C%E1%BB%95ng-Trai-cung-01.jpg,"CEphoto, Uwe Aranas",,CC BY-SA 3.0,https://creativecommons.org/licenses/by-sa/3.0,Yes,"Photo: Hue Vietnam Cổng-Trai-cung-01.jpg by CEphoto, Uwe Aranas, licensed under CC BY-SA 3.0 via Wikimedia Commons. Cropped/resized only if needed and converted to WebP.",Yes,Yes,2026-05-30,Recovered with Commons query: Hue Vietnam architecture. Hotel-specific image not found under safe licence; using destination alternative.,Yes,2200,1466,701502
silk-path-grand-hue-03,10,Silk Path Grand Hue Hotel & Spa,silk-path-grand-hue,Hue,Vietnam,3,City,Hue Vietnam Perfume-River-01.jpg,silk-path-grand-hue-03-city-perfume-river.jpg,silk-path-grand-hue-03-city-perfume-river.webp,public/images/hotels/silk-path-grand-hue/original/silk-path-grand-hue-03-city-perfume-river.jpg,/images/hotels/silk-path-grand-hue/web/silk-path-grand-hue-03-city-perfume-river.webp,Wikimedia Commons,https://commons.wikimedia.org/wiki/File:Hue_Vietnam_Perfume-River-01.jpg,https://upload.wikimedia.org/wikipedia/commons/thumb/8/88/Hue_Vietnam_Perfume-River-01.jpg/3840px-Hue_Vietnam_Perfume-River-01.jpg,"CEphoto, Uwe Aranas",,CC BY-SA 3.0,https://creativecommons.org/licenses/by-sa/3.0,Yes,"Photo: Hue Vietnam Perfume-River-01.jpg by CEphoto, Uwe Aranas, licensed under CC BY-SA 3.0 via Wikimedia Commons. Cropped/resized only if needed and converted to WebP.",Yes,Yes,2026-05-30,Matched Commons query: Perfume River Hue Vietnam.,Yes,2200,1466,213898
silk-path-grand-hue-04,10,Silk Path Grand Hue Hotel & Spa,silk-path-grand-hue,Hue,Vietnam,4,Attraction,Hue Vietnam Citadel-of-Huế-10.jpg,silk-path-grand-hue-04-attraction-imperial-city.jpg,silk-path-grand-hue-04-attraction-imperial-city.webp,public/images/hotels/silk-path-grand-hue/original/silk-path-grand-hue-04-attraction-imperial-city.jpg,/images/hotels/silk-path-grand-hue/web/silk-path-grand-hue-04-attraction-imperial-city.webp,Wikimedia Commons,https://commons.wikimedia.org/wiki/File:Hue_Vietnam_Citadel-of-Hu%E1%BA%BF-10.jpg,https://upload.wikimedia.org/wikipedia/commons/thumb/8/85/Hue_Vietnam_Citadel-of-Hu%E1%BA%BF-10.jpg/3840px-Hue_Vietnam_Citadel-of-Hu%E1%BA%BF-10.jpg,"CEphoto, Uwe Aranas",,CC BY-SA 3.0,https://creativecommons.org/licenses/by-sa/3.0,Yes,"Photo: Hue Vietnam Citadel-of-Huế-10.jpg by CEphoto, Uwe Aranas, licensed under CC BY-SA 3.0 via Wikimedia Commons. Cropped/resized only if needed and converted to WebP.",Yes,Yes,2026-05-30,Matched Commons query: Imperial City Hue Vietnam.,Yes,2200,1466,1090810
silk-path-grand-hue-05,10,Silk Path Grand Hue Hotel & Spa,silk-path-grand-hue,Hue,Vietnam,5,Food,"Dong Ba market, Thành phố Huế, Vietnam (Unsplash).jpg",silk-path-grand-hue-05-food-hue-food.jpg,silk-path-grand-hue-05-food-hue-food.webp,public/images/hotels/silk-path-grand-hue/original/silk-path-grand-hue-05-food-hue-food.jpg,/images/hotels/silk-path-grand-hue/web/silk-path-grand-hue-05-food-hue-food.webp,Wikimedia Commons,"https://commons.wikimedia.org/wiki/File:Dong_Ba_market,_Th%C3%A0nh_ph%E1%BB%91_Hu%E1%BA%BF,_Vietnam_(Unsplash).jpg",https://upload.wikimedia.org/wikipedia/commons/thumb/0/05/Dong_Ba_market%2C_Th%C3%A0nh_ph%E1%BB%91_Hu%E1%BA%BF%2C_Vietnam_%28Unsplash%29.jpg/3840px-Dong_Ba_market%2C_Th%C3%A0nh_ph%E1%BB%91_Hu%E1%BA%BF%2C_Vietnam_%28Unsplash%29.jpg,Alice Young youngalicesalvatore,,CC0,http://creativecommons.org/publicdomain/zero/1.0/deed.en,No,"Image: Dong Ba market, Thành phố Huế, Vietnam (Unsplash).jpg by Alice Young youngalicesalvatore, public domain via Wikimedia Commons.",Yes,Yes,2026-05-30,Matched Commons query: Hue Vietnam hue food.,Yes,2200,1466,624972
silk-path-grand-hue-06,10,Silk Path Grand Hue Hotel & Spa,silk-path-grand-hue,Hue,Vietnam,6,Secondary,Prelude Rivier Thien Mu Pagode Hue (77504).jpg,silk-path-grand-hue-06-secondary-thien-mu.jpg,silk-path-grand-hue-06-secondary-thien-mu.webp,public/images/hotels/silk-path-grand-hue/original/silk-path-grand-hue-06-secondary-thien-mu.jpg,/images/hotels/silk-path-grand-hue/web/silk-path-grand-hue-06-secondary-thien-mu.webp,Wikimedia Commons,https://commons.wikimedia.org/wiki/File:Prelude_Rivier_Thien_Mu_Pagode_Hue_(77504).jpg,https://upload.wikimedia.org/wikipedia/commons/thumb/5/52/Prelude_Rivier_Thien_Mu_Pagode_Hue_%2877504%29.jpg/3840px-Prelude_Rivier_Thien_Mu_Pagode_Hue_%2877504%29.jpg,Andre Hospers,,CC BY 4.0,https://creativecommons.org/licenses/by/4.0,Yes,"Photo: Prelude Rivier Thien Mu Pagode Hue (77504).jpg by Andre Hospers, licensed under CC BY 4.0 via Wikimedia Commons. Cropped/resized only if needed and converted to WebP.",Yes,Yes,2026-05-30,Matched Commons query: Thien Mu Pagoda Hue.,Yes,2200,1237,420282
hermitage-jakarta-01,11,"The Hermitage, A Tribute Portfolio Hotel, Jakarta",hermitage-jakarta,Jakarta,Indonesia,1,Hero,"Kantor Kelurahan Menteng, Jakarta Pusat.jpg",hermitage-jakarta-01-hero-hermitage-jakarta-01.jpg,hermitage-jakarta-01-hero-hermitage-jakarta-01.webp,public/images/hotels/hermitage-jakarta/original/hermitage-jakarta-01-hero-hermitage-jakarta-01.jpg,/images/hotels/hermitage-jakarta/web/hermitage-jakarta-01-hero-hermitage-jakarta-01.webp,Wikimedia Commons,"https://commons.wikimedia.org/wiki/File:Kantor_Kelurahan_Menteng,_Jakarta_Pusat.jpg",https://upload.wikimedia.org/wikipedia/commons/thumb/8/86/Kantor_Kelurahan_Menteng%2C_Jakarta_Pusat.jpg/3840px-Kantor_Kelurahan_Menteng%2C_Jakarta_Pusat.jpg,Ezagren (bicara / talk),,Attribution,Unknown / not listed,Yes,"Photo: Kantor Kelurahan Menteng, Jakarta Pusat.jpg by Ezagren (bicara / talk), licensed under Attribution via Wikimedia Commons. Cropped/resized only if needed and converted to WebP.",Yes,Yes,2026-05-30,Recovered with Commons query: Menteng Jakarta. Hotel-specific image not found under safe licence; using destination alternative.,Yes,2200,1462,551944
hermitage-jakarta-02,11,"The Hermitage, A Tribute Portfolio Hotel, Jakarta",hermitage-jakarta,Jakarta,Indonesia,2,Hotel,Die alte Stadt am Nachmittag- Jakarta-Indonesien 2014-05-05 17-34.jpg,hermitage-jakarta-02-hotel-hermitage-jakarta-02.jpg,hermitage-jakarta-02-hotel-hermitage-jakarta-02.webp,public/images/hotels/hermitage-jakarta/original/hermitage-jakarta-02-hotel-hermitage-jakarta-02.jpg,/images/hotels/hermitage-jakarta/web/hermitage-jakarta-02-hotel-hermitage-jakarta-02.webp,Wikimedia Commons,https://commons.wikimedia.org/wiki/File:Die_alte_Stadt_am_Nachmittag-_Jakarta-Indonesien_2014-05-05_17-34.jpg,https://upload.wikimedia.org/wikipedia/commons/thumb/3/34/Die_alte_Stadt_am_Nachmittag-_Jakarta-Indonesien_2014-05-05_17-34.jpg/3840px-Die_alte_Stadt_am_Nachmittag-_Jakarta-Indonesien_2014-05-05_17-34.jpg,User:Syahfitri Wulandari,,CC BY-SA 3.0,https://creativecommons.org/licenses/by-sa/3.0,Yes,"Photo: Die alte Stadt am Nachmittag- Jakarta-Indonesien 2014-05-05 17-34.jpg by User:Syahfitri Wulandari, licensed under CC BY-SA 3.0 via Wikimedia Commons. Cropped/resized only if needed and converted to WebP.",Yes,Yes,2026-05-30,Recovered with Commons query: Jakarta colonial architecture. Hotel-specific image not found under safe licence; using destination alternative.,Yes,2200,1237,233372
hermitage-jakarta-03,11,"The Hermitage, A Tribute Portfolio Hotel, Jakarta",hermitage-jakarta,Jakarta,Indonesia,3,City,"Jakarta skyline at night -- Business District area at Jalan Jenderal Sudirman, Central Jakarta, as seen from Kuningan District, South Jakarta, Indonesia.jpg",hermitage-jakarta-03-city-jakarta-skyline.jpg,hermitage-jakarta-03-city-jakarta-skyline.webp,public/images/hotels/hermitage-jakarta/original/hermitage-jakarta-03-city-jakarta-skyline.jpg,/images/hotels/hermitage-jakarta/web/hermitage-jakarta-03-city-jakarta-skyline.webp,Wikimedia Commons,"https://commons.wikimedia.org/wiki/File:Jakarta_skyline_at_night_--_Business_District_area_at_Jalan_Jenderal_Sudirman,_Central_Jakarta,_as_seen_from_Kuningan_District,_South_Jakarta,_Indonesia.jpg",https://upload.wikimedia.org/wikipedia/commons/thumb/c/cb/Jakarta_skyline_at_night_--_Business_District_area_at_Jalan_Jenderal_Sudirman%2C_Central_Jakarta%2C_as_seen_from_Kuningan_District%2C_South_Jakarta%2C_Indonesia.jpg/3840px-Jakarta_skyline_at_night_--_Business_District_area_at_Jalan_Jenderal_Sudirman%2C_Central_Jakarta%2C_as_seen_from_Kuningan_District%2C_South_Jakarta%2C_Indonesia.jpg,Robin Widjaja,,CC BY-SA 4.0,https://creativecommons.org/licenses/by-sa/4.0,Yes,"Photo: Jakarta skyline at night -- Business District area at Jalan Jenderal Sudirman, Central Jakarta, as seen from Kuningan District, South Jakarta, Indonesia.jpg by Robin Widjaja, licensed under CC BY-SA 4.0 via Wikimedia Commons. Cropped/resized only if needed and converted to WebP.",Yes,Yes,2026-05-30,Matched Commons query: Jakarta skyline.,Yes,2200,678,224994
hermitage-jakarta-04,11,"The Hermitage, A Tribute Portfolio Hotel, Jakarta",hermitage-jakarta,Jakarta,Indonesia,4,Attraction,"Monumen Nasional, Jakarta, Indonesia.jpg",hermitage-jakarta-04-attraction-hermitage-jakarta-04.jpg,hermitage-jakarta-04-attraction-hermitage-jakarta-04.webp,public/images/hotels/hermitage-jakarta/original/hermitage-jakarta-04-attraction-hermitage-jakarta-04.jpg,/images/hotels/hermitage-jakarta/web/hermitage-jakarta-04-attraction-hermitage-jakarta-04.webp,Wikimedia Commons,"https://commons.wikimedia.org/wiki/File:Monumen_Nasional,_Jakarta,_Indonesia.jpg",https://upload.wikimedia.org/wikipedia/commons/thumb/4/49/Monumen_Nasional%2C_Jakarta%2C_Indonesia.jpg/3840px-Monumen_Nasional%2C_Jakarta%2C_Indonesia.jpg,Ramayoni,,CC BY-SA 4.0,https://creativecommons.org/licenses/by-sa/4.0,Yes,"Photo: Monumen Nasional, Jakarta, Indonesia.jpg by Ramayoni, licensed under CC BY-SA 4.0 via Wikimedia Commons. Cropped/resized only if needed and converted to WebP.",Yes,Yes,2026-05-30,Recovered with Commons query: National Monument Jakarta. Hotel-specific image not found under safe licence; using destination alternative.,Yes,2200,1243,311072
hermitage-jakarta-05,11,"The Hermitage, A Tribute Portfolio Hotel, Jakarta",hermitage-jakarta,Jakarta,Indonesia,5,Food,Jakarta Indonesia Hawkers-in-Kota-Jakarta-01.jpg,hermitage-jakarta-05-food-jakarta-food.jpg,hermitage-jakarta-05-food-jakarta-food.webp,public/images/hotels/hermitage-jakarta/original/hermitage-jakarta-05-food-jakarta-food.jpg,/images/hotels/hermitage-jakarta/web/hermitage-jakarta-05-food-jakarta-food.webp,Wikimedia Commons,https://commons.wikimedia.org/wiki/File:Jakarta_Indonesia_Hawkers-in-Kota-Jakarta-01.jpg,https://upload.wikimedia.org/wikipedia/commons/thumb/f/fb/Jakarta_Indonesia_Hawkers-in-Kota-Jakarta-01.jpg/3840px-Jakarta_Indonesia_Hawkers-in-Kota-Jakarta-01.jpg,"CEphoto, Uwe Aranas",,CC BY-SA 3.0,https://creativecommons.org/licenses/by-sa/3.0,Yes,"Photo: Jakarta Indonesia Hawkers-in-Kota-Jakarta-01.jpg by CEphoto, Uwe Aranas, licensed under CC BY-SA 3.0 via Wikimedia Commons. Cropped/resized only if needed and converted to WebP.",Yes,Yes,2026-05-30,Matched Commons query: Jakarta Indonesia jakarta food.,Yes,2200,1699,289814
hermitage-jakarta-06,11,"The Hermitage, A Tribute Portfolio Hotel, Jakarta",hermitage-jakarta,Jakarta,Indonesia,6,Secondary,Jakarta Indonesia Colonial-houses-in-Kota-Jakarta-02.jpg,hermitage-jakarta-06-secondary-hermitage-jakarta-06.jpg,hermitage-jakarta-06-secondary-hermitage-jakarta-06.webp,public/images/hotels/hermitage-jakarta/original/hermitage-jakarta-06-secondary-hermitage-jakarta-06.jpg,/images/hotels/hermitage-jakarta/web/hermitage-jakarta-06-secondary-hermitage-jakarta-06.webp,Wikimedia Commons,https://commons.wikimedia.org/wiki/File:Jakarta_Indonesia_Colonial-houses-in-Kota-Jakarta-02.jpg,https://upload.wikimedia.org/wikipedia/commons/thumb/4/49/Jakarta_Indonesia_Colonial-houses-in-Kota-Jakarta-02.jpg/3840px-Jakarta_Indonesia_Colonial-houses-in-Kota-Jakarta-02.jpg,"CEphoto, Uwe Aranas",,CC BY-SA 3.0,https://creativecommons.org/licenses/by-sa/3.0,Yes,"Photo: Jakarta Indonesia Colonial-houses-in-Kota-Jakarta-02.jpg by CEphoto, Uwe Aranas, licensed under CC BY-SA 3.0 via Wikimedia Commons. Cropped/resized only if needed and converted to WebP.",Yes,Yes,2026-05-30,Recovered with Commons query: Kota Tua Jakarta. Hotel-specific image not found under safe licence; using destination alternative.,Yes,2200,1466,730258
hyatt-regency-tashkent-01,12,Hyatt Regency Tashkent,hyatt-regency-tashkent,Tashkent,Uzbekistan,1,Hero,Istiqlol003.jpg,hyatt-regency-tashkent-01-hero-hyatt-regency.jpg,hyatt-regency-tashkent-01-hero-hyatt-regency.webp,public/images/hotels/hyatt-regency-tashkent/original/hyatt-regency-tashkent-01-hero-hyatt-regency.jpg,/images/hotels/hyatt-regency-tashkent/web/hyatt-regency-tashkent-01-hero-hyatt-regency.webp,Wikimedia Commons,https://commons.wikimedia.org/wiki/File:Istiqlol003.jpg,https://upload.wikimedia.org/wikipedia/commons/thumb/6/64/Istiqlol003.jpg/3840px-Istiqlol003.jpg,Azizbek Karimov,,CC BY-SA 4.0,https://creativecommons.org/licenses/by-sa/4.0,Yes,"Photo: Istiqlol003.jpg by Azizbek Karimov, licensed under CC BY-SA 4.0 via Wikimedia Commons. Cropped/resized only if needed and converted to WebP.",Yes,Yes,2026-05-30,Matched Commons query: Hyatt Regency Tashkent. Hotel-specific image not found under safe licence; using destination/neighbourhood alternative.,Yes,2200,1456,207788
hyatt-regency-tashkent-02,12,Hyatt Regency Tashkent,hyatt-regency-tashkent,Tashkent,Uzbekistan,2,Hotel,The street of Tashkent City 1.jpg,hyatt-regency-tashkent-02-hotel-modern-architecture.jpg,hyatt-regency-tashkent-02-hotel-modern-architecture.webp,public/images/hotels/hyatt-regency-tashkent/original/hyatt-regency-tashkent-02-hotel-modern-architecture.jpg,/images/hotels/hyatt-regency-tashkent/web/hyatt-regency-tashkent-02-hotel-modern-architecture.webp,Wikimedia Commons,https://commons.wikimedia.org/wiki/File:The_street_of_Tashkent_City_1.jpg,https://upload.wikimedia.org/wikipedia/commons/thumb/7/7f/The_street_of_Tashkent_City_1.jpg/3840px-The_street_of_Tashkent_City_1.jpg,Шухрат Саъдиев,,CC BY-SA 4.0,https://creativecommons.org/licenses/by-sa/4.0,Yes,"Photo: The street of Tashkent City 1.jpg by Шухрат Саъдиев, licensed under CC BY-SA 4.0 via Wikimedia Commons. Cropped/resized only if needed and converted to WebP.",Yes,Yes,2026-05-30,Matched Commons query: Tashkent modern architecture. Hotel-specific image not found under safe licence; using destination/neighbourhood alternative.,Yes,2200,940,170370
hyatt-regency-tashkent-03,12,Hyatt Regency Tashkent,hyatt-regency-tashkent,Tashkent,Uzbekistan,3,City,Tashkent-City name statue.jpg,hyatt-regency-tashkent-03-city-tashkent-city.jpg,hyatt-regency-tashkent-03-city-tashkent-city.webp,public/images/hotels/hyatt-regency-tashkent/original/hyatt-regency-tashkent-03-city-tashkent-city.jpg,/images/hotels/hyatt-regency-tashkent/web/hyatt-regency-tashkent-03-city-tashkent-city.webp,Wikimedia Commons,https://commons.wikimedia.org/wiki/File:Tashkent-City_name_statue.jpg,https://upload.wikimedia.org/wikipedia/commons/thumb/2/22/Tashkent-City_name_statue.jpg/3840px-Tashkent-City_name_statue.jpg,Mysportedit,,CC BY-SA 4.0,https://creativecommons.org/licenses/by-sa/4.0,Yes,"Photo: Tashkent-City name statue.jpg by Mysportedit, licensed under CC BY-SA 4.0 via Wikimedia Commons. Cropped/resized only if needed and converted to WebP.",Yes,Yes,2026-05-30,Matched Commons query: Tashkent city Uzbekistan.,Yes,2200,1237,439288
hyatt-regency-tashkent-04,12,Hyatt Regency Tashkent,hyatt-regency-tashkent,Tashkent,Uzbekistan,4,Attraction,Hazrat Imam 01.jpg,hyatt-regency-tashkent-04-attraction-hazrati-imam.jpg,hyatt-regency-tashkent-04-attraction-hazrati-imam.webp,public/images/hotels/hyatt-regency-tashkent/original/hyatt-regency-tashkent-04-attraction-hazrati-imam.jpg,/images/hotels/hyatt-regency-tashkent/web/hyatt-regency-tashkent-04-attraction-hazrati-imam.webp,Wikimedia Commons,https://commons.wikimedia.org/wiki/File:Hazrat_Imam_01.jpg,https://upload.wikimedia.org/wikipedia/commons/thumb/8/89/Hazrat_Imam_01.jpg/3840px-Hazrat_Imam_01.jpg,LBM1948,,CC BY-SA 4.0,https://creativecommons.org/licenses/by-sa/4.0,Yes,"Photo: Hazrat Imam 01.jpg by LBM1948, licensed under CC BY-SA 4.0 via Wikimedia Commons. Cropped/resized only if needed and converted to WebP.",Yes,Yes,2026-05-30,Matched Commons query: Hazrati Imam Complex Tashkent.,Yes,2200,1542,342292
hyatt-regency-tashkent-05,12,Hyatt Regency Tashkent,hyatt-regency-tashkent,Tashkent,Uzbekistan,5,Food,"Tashkent, Chorsu Bazaar (6226208607).jpg",hyatt-regency-tashkent-05-food-uzbek-food.jpg,hyatt-regency-tashkent-05-food-uzbek-food.webp,public/images/hotels/hyatt-regency-tashkent/original/hyatt-regency-tashkent-05-food-uzbek-food.jpg,/images/hotels/hyatt-regency-tashkent/web/hyatt-regency-tashkent-05-food-uzbek-food.webp,Wikimedia Commons,"https://commons.wikimedia.org/wiki/File:Tashkent,_Chorsu_Bazaar_(6226208607).jpg",https://upload.wikimedia.org/wikipedia/commons/thumb/7/72/Tashkent%2C_Chorsu_Bazaar_%286226208607%29.jpg/3840px-Tashkent%2C_Chorsu_Bazaar_%286226208607%29.jpg,Arian Zwegers,,CC BY 2.0,https://creativecommons.org/licenses/by/2.0,Yes,"Photo: Tashkent, Chorsu Bazaar (6226208607).jpg by Arian Zwegers, licensed under CC BY 2.0 via Wikimedia Commons. Cropped/resized only if needed and converted to WebP.",Yes,Yes,2026-05-30,Matched Commons query: Uzbek food market Tashkent.,Yes,2200,1466,316094
hyatt-regency-tashkent-06,12,Hyatt Regency Tashkent,hyatt-regency-tashkent,Tashkent,Uzbekistan,6,Secondary,Shahriston (Tashkent Metro) 2023.jpg,hyatt-regency-tashkent-06-secondary-tashkent-metro.jpg,hyatt-regency-tashkent-06-secondary-tashkent-metro.webp,public/images/hotels/hyatt-regency-tashkent/original/hyatt-regency-tashkent-06-secondary-tashkent-metro.jpg,/images/hotels/hyatt-regency-tashkent/web/hyatt-regency-tashkent-06-secondary-tashkent-metro.webp,Wikimedia Commons,https://commons.wikimedia.org/wiki/File:Shahriston_(Tashkent_Metro)_2023.jpg,https://upload.wikimedia.org/wikipedia/commons/thumb/7/78/Shahriston_%28Tashkent_Metro%29_2023.jpg/3840px-Shahriston_%28Tashkent_Metro%29_2023.jpg,ほっきー,,CC0,http://creativecommons.org/publicdomain/zero/1.0/deed.en,No,"Image: Shahriston (Tashkent Metro) 2023.jpg by ほっきー, public domain via Wikimedia Commons.",Yes,Yes,2026-05-30,Matched Commons query: Tashkent metro.,Yes,2200,1650,544546
grand-hotel-yerevan-01,13,Grand Hotel Yerevan,grand-hotel-yerevan,Yerevan,Armenia,1,Hero,"Yerevan hotel, Yerevan 01.jpg",grand-hotel-yerevan-01-hero-grand-hotel.jpg,grand-hotel-yerevan-01-hero-grand-hotel.webp,public/images/hotels/grand-hotel-yerevan/original/grand-hotel-yerevan-01-hero-grand-hotel.jpg,/images/hotels/grand-hotel-yerevan/web/grand-hotel-yerevan-01-hero-grand-hotel.webp,Wikimedia Commons,"https://commons.wikimedia.org/wiki/File:Yerevan_hotel,_Yerevan_01.jpg",https://upload.wikimedia.org/wikipedia/commons/thumb/7/72/Yerevan_hotel%2C_Yerevan_01.jpg/3840px-Yerevan_hotel%2C_Yerevan_01.jpg,GeoO,,CC BY-SA 4.0,https://creativecommons.org/licenses/by-sa/4.0,Yes,"Photo: Yerevan hotel, Yerevan 01.jpg by GeoO, licensed under CC BY-SA 4.0 via Wikimedia Commons. Cropped/resized only if needed and converted to WebP.",Yes,Yes,2026-05-30,Matched Commons query: Grand Hotel Yerevan. Hotel-specific image not found under safe licence; using destination/neighbourhood alternative.,Yes,2200,1466,293582
grand-hotel-yerevan-02,13,Grand Hotel Yerevan,grand-hotel-yerevan,Yerevan,Armenia,2,Hotel,Republic Square in Yerevan.jpg,grand-hotel-yerevan-02-hotel-republic-square.jpg,grand-hotel-yerevan-02-hotel-republic-square.webp,public/images/hotels/grand-hotel-yerevan/original/grand-hotel-yerevan-02-hotel-republic-square.jpg,/images/hotels/grand-hotel-yerevan/web/grand-hotel-yerevan-02-hotel-republic-square.webp,Wikimedia Commons,https://commons.wikimedia.org/wiki/File:Republic_Square_in_Yerevan.jpg,https://upload.wikimedia.org/wikipedia/commons/thumb/e/ec/Republic_Square_in_Yerevan.jpg/3840px-Republic_Square_in_Yerevan.jpg,Savedhead,,CC BY-SA 3.0,https://creativecommons.org/licenses/by-sa/3.0,Yes,"Photo: Republic Square in Yerevan.jpg by Savedhead, licensed under CC BY-SA 3.0 via Wikimedia Commons. Cropped/resized only if needed and converted to WebP.",Yes,Yes,2026-05-30,Matched Commons query: Yerevan Republic Square architecture. Hotel-specific image not found under safe licence; using destination/neighbourhood alternative.,Yes,2200,308,133906
grand-hotel-yerevan-03,13,Grand Hotel Yerevan,grand-hotel-yerevan,Yerevan,Armenia,3,City,Mount Ararat and the Yerevan skyline.jpg,grand-hotel-yerevan-03-city-mount-ararat.jpg,grand-hotel-yerevan-03-city-mount-ararat.webp,public/images/hotels/grand-hotel-yerevan/original/grand-hotel-yerevan-03-city-mount-ararat.jpg,/images/hotels/grand-hotel-yerevan/web/grand-hotel-yerevan-03-city-mount-ararat.webp,Wikimedia Commons,https://commons.wikimedia.org/wiki/File:Mount_Ararat_and_the_Yerevan_skyline.jpg,https://upload.wikimedia.org/wikipedia/commons/thumb/8/8a/Mount_Ararat_and_the_Yerevan_skyline.jpg/3840px-Mount_Ararat_and_the_Yerevan_skyline.jpg,Սէրուժ Ուրիշեան (Serouj Ourishian),,CC BY-SA 3.0,https://creativecommons.org/licenses/by-sa/3.0,Yes,"Photo: Mount Ararat and the Yerevan skyline.jpg by Սէրուժ Ուրիշեան (Serouj Ourishian), licensed under CC BY-SA 3.0 via Wikimedia Commons. Cropped/resized only if needed and converted to WebP.",Yes,Yes,2026-05-30,Matched Commons query: Yerevan Mount Ararat.,Yes,2200,1466,803976
grand-hotel-yerevan-04,13,Grand Hotel Yerevan,grand-hotel-yerevan,Yerevan,Armenia,4,Attraction,"2014 Erywań, Kaskady (03).jpg",grand-hotel-yerevan-04-attraction-cascade.jpg,grand-hotel-yerevan-04-attraction-cascade.webp,public/images/hotels/grand-hotel-yerevan/original/grand-hotel-yerevan-04-attraction-cascade.jpg,/images/hotels/grand-hotel-yerevan/web/grand-hotel-yerevan-04-attraction-cascade.webp,Wikimedia Commons,"https://commons.wikimedia.org/wiki/File:2014_Erywa%C5%84,_Kaskady_(03).jpg",https://upload.wikimedia.org/wikipedia/commons/thumb/8/85/2014_Erywa%C5%84%2C_Kaskady_%2803%29.jpg/3840px-2014_Erywa%C5%84%2C_Kaskady_%2803%29.jpg,Marcin Konsek,,CC BY-SA 4.0,https://creativecommons.org/licenses/by-sa/4.0,Yes,"Photo: 2014 Erywań, Kaskady (03).jpg by Marcin Konsek, licensed under CC BY-SA 4.0 via Wikimedia Commons. Cropped/resized only if needed and converted to WebP.",Yes,Yes,2026-05-30,Matched Commons query: Cascade Complex Yerevan.,Yes,2200,1466,389084
grand-hotel-yerevan-05,13,Grand Hotel Yerevan,grand-hotel-yerevan,Yerevan,Armenia,5,Food,Tavern Yerevan - 2.JPG,grand-hotel-yerevan-05-food-grand-hotel-yerevan-05.jpg,grand-hotel-yerevan-05-food-grand-hotel-yerevan-05.webp,public/images/hotels/grand-hotel-yerevan/original/grand-hotel-yerevan-05-food-grand-hotel-yerevan-05.jpg,/images/hotels/grand-hotel-yerevan/web/grand-hotel-yerevan-05-food-grand-hotel-yerevan-05.webp,Wikimedia Commons,https://commons.wikimedia.org/wiki/File:Tavern_Yerevan_-_2.JPG,https://upload.wikimedia.org/wikipedia/commons/thumb/0/02/Tavern_Yerevan_-_2.JPG/3840px-Tavern_Yerevan_-_2.JPG,Benoît Prieur,,CC0,http://creativecommons.org/publicdomain/zero/1.0/deed.en,No,"Image: Tavern Yerevan - 2.JPG by Benoît Prieur, public domain via Wikimedia Commons.",Yes,Yes,2026-05-30,Recovered with Commons query: Armenian food Yerevan. Hotel-specific image not found under safe licence; using destination alternative.,Yes,2200,1650,204598
grand-hotel-yerevan-06,13,Grand Hotel Yerevan,grand-hotel-yerevan,Yerevan,Armenia,6,Secondary,Republic Square Metro Station Fountains in Yerevan 2019-06-20v2.jpg,grand-hotel-yerevan-06-secondary-republic-square-night.jpg,grand-hotel-yerevan-06-secondary-republic-square-night.webp,public/images/hotels/grand-hotel-yerevan/original/grand-hotel-yerevan-06-secondary-republic-square-night.jpg,/images/hotels/grand-hotel-yerevan/web/grand-hotel-yerevan-06-secondary-republic-square-night.webp,Wikimedia Commons,https://commons.wikimedia.org/wiki/File:Republic_Square_Metro_Station_Fountains_in_Yerevan_2019-06-20v2.jpg,https://upload.wikimedia.org/wikipedia/commons/thumb/f/f2/Republic_Square_Metro_Station_Fountains_in_Yerevan_2019-06-20v2.jpg/3840px-Republic_Square_Metro_Station_Fountains_in_Yerevan_2019-06-20v2.jpg,Armenak Margarian,,CC BY-SA 4.0,https://creativecommons.org/licenses/by-sa/4.0,Yes,"Photo: Republic Square Metro Station Fountains in Yerevan 2019-06-20v2.jpg by Armenak Margarian, licensed under CC BY-SA 4.0 via Wikimedia Commons. Cropped/resized only if needed and converted to WebP.",Yes,Yes,2026-05-30,Matched Commons query: Republic Square Yerevan.,Yes,2200,1466,513110
sofitel-marrakech-01,14,Sofitel Marrakech Palais Imperial & Spa,sofitel-marrakech,Marrakech,Morocco,1,Hero,SOFITEL HOTEL MARRAKECH MOROCCO APRIL 2013 (8712759223).jpg,sofitel-marrakech-01-hero-sofitel.jpg,sofitel-marrakech-01-hero-sofitel.webp,public/images/hotels/sofitel-marrakech/original/sofitel-marrakech-01-hero-sofitel.jpg,/images/hotels/sofitel-marrakech/web/sofitel-marrakech-01-hero-sofitel.webp,Wikimedia Commons,https://commons.wikimedia.org/wiki/File:SOFITEL_HOTEL_MARRAKECH_MOROCCO_APRIL_2013_(8712759223).jpg,https://upload.wikimedia.org/wikipedia/commons/thumb/e/ea/SOFITEL_HOTEL_MARRAKECH_MOROCCO_APRIL_2013_%288712759223%29.jpg/3840px-SOFITEL_HOTEL_MARRAKECH_MOROCCO_APRIL_2013_%288712759223%29.jpg,calflier001,,CC BY-SA 2.0,https://creativecommons.org/licenses/by-sa/2.0,Yes,"Photo: SOFITEL HOTEL MARRAKECH MOROCCO APRIL 2013 (8712759223).jpg by calflier001, licensed under CC BY-SA 2.0 via Wikimedia Commons. Cropped/resized only if needed and converted to WebP.",Yes,Yes,2026-05-30,Matched Commons query: Marrakech Morocco sofitel.,Yes,2200,1466,586804
sofitel-marrakech-02,14,Sofitel Marrakech Palais Imperial & Spa,sofitel-marrakech,Marrakech,Morocco,2,Hotel,"Marrakech, Morocco (28355768888).jpg",sofitel-marrakech-02-hotel-hivernage-garden.jpg,sofitel-marrakech-02-hotel-hivernage-garden.webp,public/images/hotels/sofitel-marrakech/original/sofitel-marrakech-02-hotel-hivernage-garden.jpg,/images/hotels/sofitel-marrakech/web/sofitel-marrakech-02-hotel-hivernage-garden.webp,Wikimedia Commons,"https://commons.wikimedia.org/wiki/File:Marrakech,_Morocco_(28355768888).jpg",https://upload.wikimedia.org/wikipedia/commons/thumb/c/c3/Marrakech%2C_Morocco_%2828355768888%29.jpg/3840px-Marrakech%2C_Morocco_%2828355768888%29.jpg,Charlie Marchant from UK,,CC BY 2.0,https://creativecommons.org/licenses/by/2.0,Yes,"Photo: Marrakech, Morocco (28355768888).jpg by Charlie Marchant from UK, licensed under CC BY 2.0 via Wikimedia Commons. Cropped/resized only if needed and converted to WebP.",Yes,Yes,2026-05-30,Matched Commons query: Marrakech Morocco travel. Hotel-specific image not found under safe licence; using destination/neighbourhood alternative.,Yes,2200,1466,486458
sofitel-marrakech-03,14,Sofitel Marrakech Palais Imperial & Spa,sofitel-marrakech,Marrakech,Morocco,3,City,MEDINA MARRAKECH MOROCCO APRIL 2013 (8752596811).jpg,sofitel-marrakech-03-city-medina.jpg,sofitel-marrakech-03-city-medina.webp,public/images/hotels/sofitel-marrakech/original/sofitel-marrakech-03-city-medina.jpg,/images/hotels/sofitel-marrakech/web/sofitel-marrakech-03-city-medina.webp,Wikimedia Commons,https://commons.wikimedia.org/wiki/File:MEDINA_MARRAKECH_MOROCCO_APRIL_2013_(8752596811).jpg,https://upload.wikimedia.org/wikipedia/commons/thumb/1/1a/MEDINA_MARRAKECH_MOROCCO_APRIL_2013_%288752596811%29.jpg/3840px-MEDINA_MARRAKECH_MOROCCO_APRIL_2013_%288752596811%29.jpg,calflier001,,CC BY-SA 2.0,https://creativecommons.org/licenses/by-sa/2.0,Yes,"Photo: MEDINA MARRAKECH MOROCCO APRIL 2013 (8752596811).jpg by calflier001, licensed under CC BY-SA 2.0 via Wikimedia Commons. Cropped/resized only if needed and converted to WebP.",Yes,Yes,2026-05-30,Matched Commons query: Marrakech medina Morocco.,Yes,2200,1206,514316
sofitel-marrakech-04,14,Sofitel Marrakech Palais Imperial & Spa,sofitel-marrakech,Marrakech,Morocco,4,Attraction,Koutoubia minaret from the city.JPG,sofitel-marrakech-04-attraction-koutoubia.jpg,sofitel-marrakech-04-attraction-koutoubia.webp,public/images/hotels/sofitel-marrakech/original/sofitel-marrakech-04-attraction-koutoubia.jpg,/images/hotels/sofitel-marrakech/web/sofitel-marrakech-04-attraction-koutoubia.webp,Wikimedia Commons,https://commons.wikimedia.org/wiki/File:Koutoubia_minaret_from_the_city.JPG,https://upload.wikimedia.org/wikipedia/commons/thumb/1/10/Koutoubia_minaret_from_the_city.JPG/3840px-Koutoubia_minaret_from_the_city.JPG,Schorle,,CC BY-SA 4.0,https://creativecommons.org/licenses/by-sa/4.0,Yes,"Photo: Koutoubia minaret from the city.JPG by Schorle, licensed under CC BY-SA 4.0 via Wikimedia Commons. Cropped/resized only if needed and converted to WebP.",Yes,Yes,2026-05-30,Matched Commons query: Koutoubia Mosque Marrakech.,Yes,2200,1466,309204
sofitel-marrakech-05,14,Sofitel Marrakech Palais Imperial & Spa,sofitel-marrakech,Marrakech,Morocco,5,Food,"Marrakech, Morocco (5422838166) (6).jpg",sofitel-marrakech-05-food-souk-food.jpg,sofitel-marrakech-05-food-souk-food.webp,public/images/hotels/sofitel-marrakech/original/sofitel-marrakech-05-food-souk-food.jpg,/images/hotels/sofitel-marrakech/web/sofitel-marrakech-05-food-souk-food.webp,Wikimedia Commons,"https://commons.wikimedia.org/wiki/File:Marrakech,_Morocco_(5422838166)_(6).jpg",https://upload.wikimedia.org/wikipedia/commons/thumb/1/14/Marrakech%2C_Morocco_%285422838166%29_%286%29.jpg/3840px-Marrakech%2C_Morocco_%285422838166%29_%286%29.jpg,YoTuT from United States,,CC BY 2.0,https://creativecommons.org/licenses/by/2.0,Yes,"Photo: Marrakech, Morocco (5422838166) (6).jpg by YoTuT from United States, licensed under CC BY 2.0 via Wikimedia Commons. Cropped/resized only if needed and converted to WebP.",Yes,Yes,2026-05-30,Matched Commons query: Marrakech souk food.,Yes,2200,1238,189818
sofitel-marrakech-06,14,Sofitel Marrakech Palais Imperial & Spa,sofitel-marrakech,Marrakech,Morocco,6,Secondary,Le jardin des majorelle 21.JPG,sofitel-marrakech-06-secondary-jardin-majorelle.jpg,sofitel-marrakech-06-secondary-jardin-majorelle.webp,public/images/hotels/sofitel-marrakech/original/sofitel-marrakech-06-secondary-jardin-majorelle.jpg,/images/hotels/sofitel-marrakech/web/sofitel-marrakech-06-secondary-jardin-majorelle.webp,Wikimedia Commons,https://commons.wikimedia.org/wiki/File:Le_jardin_des_majorelle_21.JPG,https://upload.wikimedia.org/wikipedia/commons/thumb/5/58/Le_jardin_des_majorelle_21.JPG/3840px-Le_jardin_des_majorelle_21.JPG,Viault,,CC BY-SA 3.0,https://creativecommons.org/licenses/by-sa/3.0,Yes,"Photo: Le jardin des majorelle 21.JPG by Viault, licensed under CC BY-SA 3.0 via Wikimedia Commons. Cropped/resized only if needed and converted to WebP.",Yes,Yes,2026-05-30,Matched Commons query: Jardin Majorelle Marrakech.,Yes,2200,1460,639910
boton-blue-nha-trang-01,15,Boton Blue Hotel & Spa,boton-blue-nha-trang,Nha Trang,Vietnam,1,Hero,Nha Trang Beach 2.jpg,boton-blue-nha-trang-01-hero-boton-blue-nha-trang-01.jpg,boton-blue-nha-trang-01-hero-boton-blue-nha-trang-01.webp,public/images/hotels/boton-blue-nha-trang/original/boton-blue-nha-trang-01-hero-boton-blue-nha-trang-01.jpg,/images/hotels/boton-blue-nha-trang/web/boton-blue-nha-trang-01-hero-boton-blue-nha-trang-01.webp,Wikimedia Commons,https://commons.wikimedia.org/wiki/File:Nha_Trang_Beach_2.jpg,https://upload.wikimedia.org/wikipedia/commons/thumb/6/6c/Nha_Trang_Beach_2.jpg/3840px-Nha_Trang_Beach_2.jpg,Christophe95,,CC BY-SA 4.0,https://creativecommons.org/licenses/by-sa/4.0,Yes,"Photo: Nha Trang Beach 2.jpg by Christophe95, licensed under CC BY-SA 4.0 via Wikimedia Commons. Cropped/resized only if needed and converted to WebP.",Yes,Yes,2026-05-30,Recovered with Commons query: Nha Trang beach Vietnam. Hotel-specific image not found under safe licence; using destination alternative.,Yes,2200,1650,321272
boton-blue-nha-trang-02,15,Boton Blue Hotel & Spa,boton-blue-nha-trang,Nha Trang,Vietnam,2,Hotel,View of Nha Trang 6.jpg,boton-blue-nha-trang-02-hotel-sea-view.jpg,boton-blue-nha-trang-02-hotel-sea-view.webp,public/images/hotels/boton-blue-nha-trang/original/boton-blue-nha-trang-02-hotel-sea-view.jpg,/images/hotels/boton-blue-nha-trang/web/boton-blue-nha-trang-02-hotel-sea-view.webp,Wikimedia Commons,https://commons.wikimedia.org/wiki/File:View_of_Nha_Trang_6.jpg,https://upload.wikimedia.org/wikipedia/commons/thumb/2/2a/View_of_Nha_Trang_6.jpg/3840px-View_of_Nha_Trang_6.jpg,Christophe95,,CC BY-SA 4.0,https://creativecommons.org/licenses/by-sa/4.0,Yes,"Photo: View of Nha Trang 6.jpg by Christophe95, licensed under CC BY-SA 4.0 via Wikimedia Commons. Cropped/resized only if needed and converted to WebP.",Yes,Yes,2026-05-30,Matched Commons query: Nha Trang Vietnam sea view. Hotel-specific image not found under safe licence; using destination/neighbourhood alternative.,Yes,2200,1650,519804
boton-blue-nha-trang-03,15,Boton Blue Hotel & Spa,boton-blue-nha-trang,Nha Trang,Vietnam,3,City,Nha Trang Beach 3.jpg,boton-blue-nha-trang-03-city-nha-trang-beach.jpg,boton-blue-nha-trang-03-city-nha-trang-beach.webp,public/images/hotels/boton-blue-nha-trang/original/boton-blue-nha-trang-03-city-nha-trang-beach.jpg,/images/hotels/boton-blue-nha-trang/web/boton-blue-nha-trang-03-city-nha-trang-beach.webp,Wikimedia Commons,https://commons.wikimedia.org/wiki/File:Nha_Trang_Beach_3.jpg,https://upload.wikimedia.org/wikipedia/commons/thumb/6/6f/Nha_Trang_Beach_3.jpg/3840px-Nha_Trang_Beach_3.jpg,Christophe95,,CC BY-SA 4.0,https://creativecommons.org/licenses/by-sa/4.0,Yes,"Photo: Nha Trang Beach 3.jpg by Christophe95, licensed under CC BY-SA 4.0 via Wikimedia Commons. Cropped/resized only if needed and converted to WebP.",Yes,Yes,2026-05-30,Matched Commons query: Nha Trang beach Vietnam.,Yes,2200,1650,257218
boton-blue-nha-trang-04,15,Boton Blue Hotel & Spa,boton-blue-nha-trang,Nha Trang,Vietnam,4,Attraction,Po Nagar Cham Towers façade (14636082242).jpg,boton-blue-nha-trang-04-attraction-po-nagar.jpg,boton-blue-nha-trang-04-attraction-po-nagar.webp,public/images/hotels/boton-blue-nha-trang/original/boton-blue-nha-trang-04-attraction-po-nagar.jpg,/images/hotels/boton-blue-nha-trang/web/boton-blue-nha-trang-04-attraction-po-nagar.webp,Wikimedia Commons,https://commons.wikimedia.org/wiki/File:Po_Nagar_Cham_Towers_fa%C3%A7ade_(14636082242).jpg,https://upload.wikimedia.org/wikipedia/commons/thumb/8/80/Po_Nagar_Cham_Towers_fa%C3%A7ade_%2814636082242%29.jpg/3840px-Po_Nagar_Cham_Towers_fa%C3%A7ade_%2814636082242%29.jpg,"Erwin Verbruggen from Amsterdam, The Netherlands",,CC BY-SA 2.0,https://creativecommons.org/licenses/by-sa/2.0,Yes,"Photo: Po Nagar Cham Towers façade (14636082242).jpg by Erwin Verbruggen from Amsterdam, The Netherlands, licensed under CC BY-SA 2.0 via Wikimedia Commons. Cropped/resized only if needed and converted to WebP.",Yes,Yes,2026-05-30,Matched Commons query: Po Nagar Cham Towers Nha Trang.,Yes,2200,1472,683492
boton-blue-nha-trang-05,15,Boton Blue Hotel & Spa,boton-blue-nha-trang,Nha Trang,Vietnam,5,Food,DAM MARKET NHA TRANG VIETNAM JAN 2012 (7009741515).jpg,boton-blue-nha-trang-05-food-boton-blue-nha-trang-05.jpg,boton-blue-nha-trang-05-food-boton-blue-nha-trang-05.webp,public/images/hotels/boton-blue-nha-trang/original/boton-blue-nha-trang-05-food-boton-blue-nha-trang-05.jpg,/images/hotels/boton-blue-nha-trang/web/boton-blue-nha-trang-05-food-boton-blue-nha-trang-05.webp,Wikimedia Commons,https://commons.wikimedia.org/wiki/File:DAM_MARKET_NHA_TRANG_VIETNAM_JAN_2012_(7009741515).jpg,https://upload.wikimedia.org/wikipedia/commons/0/03/DAM_MARKET_NHA_TRANG_VIETNAM_JAN_2012_%287009741515%29.jpg,calflier001,,CC BY-SA 2.0,https://creativecommons.org/licenses/by-sa/2.0,Yes,"Photo: DAM MARKET NHA TRANG VIETNAM JAN 2012 (7009741515).jpg by calflier001, licensed under CC BY-SA 2.0 via Wikimedia Commons. Cropped/resized only if needed and converted to WebP.",Yes,Yes,2026-05-30,Recovered with Commons query: Nha Trang market. Hotel-specific image not found under safe licence; using destination alternative.,Yes,2200,1650,515698
boton-blue-nha-trang-06,15,Boton Blue Hotel & Spa,boton-blue-nha-trang,Nha Trang,Vietnam,6,Secondary,Hon Chong rocks 2011.jpg,boton-blue-nha-trang-06-secondary-hon-chong.jpg,boton-blue-nha-trang-06-secondary-hon-chong.webp,public/images/hotels/boton-blue-nha-trang/original/boton-blue-nha-trang-06-secondary-hon-chong.jpg,/images/hotels/boton-blue-nha-trang/web/boton-blue-nha-trang-06-secondary-hon-chong.webp,Wikimedia Commons,https://commons.wikimedia.org/wiki/File:Hon_Chong_rocks_2011.jpg,https://upload.wikimedia.org/wikipedia/commons/thumb/e/e9/Hon_Chong_rocks_2011.jpg/3840px-Hon_Chong_rocks_2011.jpg,"Can't stop shooting film from Nha Trang, Vietnam",,CC BY 2.0,https://creativecommons.org/licenses/by/2.0,Yes,"Photo: Hon Chong rocks 2011.jpg by Can't stop shooting film from Nha Trang, Vietnam, licensed under CC BY 2.0 via Wikimedia Commons. Cropped/resized only if needed and converted to WebP.",Yes,Yes,2026-05-30,Matched Commons query: Hon Chong Nha Trang.,Yes,2200,979,436244
im-hotel-makati-01,16,I'M Hotel Makati,im-hotel-makati,Makati / Manila,Philippines,1,Hero,Manila Philippines Pizza-Taxi-in-Makati-Business-District-01.jpg,im-hotel-makati-01-hero-im-hotel.jpg,im-hotel-makati-01-hero-im-hotel.webp,public/images/hotels/im-hotel-makati/original/im-hotel-makati-01-hero-im-hotel.jpg,/images/hotels/im-hotel-makati/web/im-hotel-makati-01-hero-im-hotel.webp,Wikimedia Commons,https://commons.wikimedia.org/wiki/File:Manila_Philippines_Pizza-Taxi-in-Makati-Business-District-01.jpg,https://upload.wikimedia.org/wikipedia/commons/thumb/f/f7/Manila_Philippines_Pizza-Taxi-in-Makati-Business-District-01.jpg/3840px-Manila_Philippines_Pizza-Taxi-in-Makati-Business-District-01.jpg,"CEphoto, Uwe Aranas",,CC BY-SA 4.0,https://creativecommons.org/licenses/by-sa/4.0,Yes,"Photo: Manila Philippines Pizza-Taxi-in-Makati-Business-District-01.jpg by CEphoto, Uwe Aranas, licensed under CC BY-SA 4.0 via Wikimedia Commons. Cropped/resized only if needed and converted to WebP.",Yes,Yes,2026-05-30,Matched Commons query: Makati / Manila. Hotel-specific image not found under safe licence; using destination/neighbourhood alternative.,Yes,2200,1466,209646
im-hotel-makati-02,16,I'M Hotel Makati,im-hotel-makati,Makati / Manila,Philippines,2,Hotel,Makati Skyline from Skyway.jpg,im-hotel-makati-02-hotel-im-hotel-makati-02.jpg,im-hotel-makati-02-hotel-im-hotel-makati-02.webp,public/images/hotels/im-hotel-makati/original/im-hotel-makati-02-hotel-im-hotel-makati-02.jpg,/images/hotels/im-hotel-makati/web/im-hotel-makati-02-hotel-im-hotel-makati-02.webp,Wikimedia Commons,https://commons.wikimedia.org/wiki/File:Makati_Skyline_from_Skyway.jpg,https://upload.wikimedia.org/wikipedia/commons/thumb/e/e7/Makati_Skyline_from_Skyway.jpg/3840px-Makati_Skyline_from_Skyway.jpg,Lawrence Ruiz,,CC BY-SA 4.0,https://creativecommons.org/licenses/by-sa/4.0,Yes,"Photo: Makati Skyline from Skyway.jpg by Lawrence Ruiz, licensed under CC BY-SA 4.0 via Wikimedia Commons. Cropped/resized only if needed and converted to WebP.",Yes,Yes,2026-05-30,Recovered with Commons query: Makati skyline. Hotel-specific image not found under safe licence; using destination alternative.,Yes,2200,1650,397456
im-hotel-makati-03,16,I'M Hotel Makati,im-hotel-makati,Makati / Manila,Philippines,3,City,Makati City's Skyline at Sunset.jpg,im-hotel-makati-03-city-makati-skyline.jpg,im-hotel-makati-03-city-makati-skyline.webp,public/images/hotels/im-hotel-makati/original/im-hotel-makati-03-city-makati-skyline.jpg,/images/hotels/im-hotel-makati/web/im-hotel-makati-03-city-makati-skyline.webp,Wikimedia Commons,https://commons.wikimedia.org/wiki/File:Makati_City%27s_Skyline_at_Sunset.jpg,https://upload.wikimedia.org/wikipedia/commons/thumb/7/70/Makati_City%27s_Skyline_at_Sunset.jpg/3840px-Makati_City%27s_Skyline_at_Sunset.jpg,Brennuscarolus,,CC BY-SA 3.0,https://creativecommons.org/licenses/by-sa/3.0,Yes,"Photo: Makati City's Skyline at Sunset.jpg by Brennuscarolus, licensed under CC BY-SA 3.0 via Wikimedia Commons. Cropped/resized only if needed and converted to WebP.",Yes,Yes,2026-05-30,Matched Commons query: Makati skyline Manila.,Yes,2200,1466,126126
im-hotel-makati-04,16,I'M Hotel Makati,im-hotel-makati,Makati / Manila,Philippines,4,Attraction,Ayala Triangle Gardens.JPG,im-hotel-makati-04-attraction-ayala-triangle.jpg,im-hotel-makati-04-attraction-ayala-triangle.webp,public/images/hotels/im-hotel-makati/original/im-hotel-makati-04-attraction-ayala-triangle.jpg,/images/hotels/im-hotel-makati/web/im-hotel-makati-04-attraction-ayala-triangle.webp,Wikimedia Commons,https://commons.wikimedia.org/wiki/File:Ayala_Triangle_Gardens.JPG,https://upload.wikimedia.org/wikipedia/commons/thumb/e/e1/Ayala_Triangle_Gardens.JPG/3840px-Ayala_Triangle_Gardens.JPG,Elmer B. Domingo,,CC BY-SA 3.0,https://creativecommons.org/licenses/by-sa/3.0,Yes,"Photo: Ayala Triangle Gardens.JPG by Elmer B. Domingo, licensed under CC BY-SA 3.0 via Wikimedia Commons. Cropped/resized only if needed and converted to WebP.",Yes,Yes,2026-05-30,Matched Commons query: Ayala Triangle Makati.,Yes,2200,1466,233180
im-hotel-makati-05,16,I'M Hotel Makati,im-hotel-makati,Makati / Manila,Philippines,5,Food,Cuisine of the Philippines 49.jpg,im-hotel-makati-05-food-im-hotel-makati-05.jpg,im-hotel-makati-05-food-im-hotel-makati-05.webp,public/images/hotels/im-hotel-makati/original/im-hotel-makati-05-food-im-hotel-makati-05.jpg,/images/hotels/im-hotel-makati/web/im-hotel-makati-05-food-im-hotel-makati-05.webp,Wikimedia Commons,https://commons.wikimedia.org/wiki/File:Cuisine_of_the_Philippines_49.jpg,https://upload.wikimedia.org/wikipedia/commons/thumb/5/58/Cuisine_of_the_Philippines_49.jpg/3840px-Cuisine_of_the_Philippines_49.jpg,JDipterocarpus,,CC BY-SA 4.0,https://creativecommons.org/licenses/by-sa/4.0,Yes,"Photo: Cuisine of the Philippines 49.jpg by JDipterocarpus, licensed under CC BY-SA 4.0 via Wikimedia Commons. Cropped/resized only if needed and converted to WebP.",Yes,Yes,2026-05-30,Recovered with Commons query: Filipino cuisine. Hotel-specific image not found under safe licence; using destination alternative.,Yes,2200,1715,364452
im-hotel-makati-06,16,I'M Hotel Makati,im-hotel-makati,Makati / Manila,Philippines,6,Secondary,Manila Bay at Night.jpg,im-hotel-makati-06-secondary-manila-bay.jpg,im-hotel-makati-06-secondary-manila-bay.webp,public/images/hotels/im-hotel-makati/original/im-hotel-makati-06-secondary-manila-bay.jpg,/images/hotels/im-hotel-makati/web/im-hotel-makati-06-secondary-manila-bay.webp,Wikimedia Commons,https://commons.wikimedia.org/wiki/File:Manila_Bay_at_Night.jpg,https://upload.wikimedia.org/wikipedia/commons/thumb/5/5c/Manila_Bay_at_Night.jpg/3840px-Manila_Bay_at_Night.jpg,Ralff Nestor Nacor,,CC BY-SA 4.0,https://creativecommons.org/licenses/by-sa/4.0,Yes,"Photo: Manila Bay at Night.jpg by Ralff Nestor Nacor, licensed under CC BY-SA 4.0 via Wikimedia Commons. Cropped/resized only if needed and converted to WebP.",Yes,Yes,2026-05-30,Matched Commons query: Manila Bay Philippines.,Yes,2200,1650,358534
malak-regency-sarajevo-01,17,Malak Regency Hotel,malak-regency-sarajevo,Sarajevo,Bosnia and Herzegovina,1,Hero,Sarajevo City Hall 01.jpg,malak-regency-sarajevo-01-hero-malak-regency.jpg,malak-regency-sarajevo-01-hero-malak-regency.webp,public/images/hotels/malak-regency-sarajevo/original/malak-regency-sarajevo-01-hero-malak-regency.jpg,/images/hotels/malak-regency-sarajevo/web/malak-regency-sarajevo-01-hero-malak-regency.webp,Wikimedia Commons,https://commons.wikimedia.org/wiki/File:Sarajevo_City_Hall_01.jpg,https://upload.wikimedia.org/wikipedia/commons/thumb/5/58/Sarajevo_City_Hall_01.jpg/3840px-Sarajevo_City_Hall_01.jpg,Bernard Gagnon,,CC BY-SA 4.0,https://creativecommons.org/licenses/by-sa/4.0,Yes,"Photo: Sarajevo City Hall 01.jpg by Bernard Gagnon, licensed under CC BY-SA 4.0 via Wikimedia Commons. Cropped/resized only if needed and converted to WebP.",Yes,Yes,2026-05-30,Matched Commons query: Sarajevo Sarajevo. Hotel-specific image not found under safe licence; using destination/neighbourhood alternative.,Yes,2200,1466,533262
malak-regency-sarajevo-02,17,Malak Regency Hotel,malak-regency-sarajevo,Sarajevo,Bosnia and Herzegovina,2,Hotel,Sarajevo's Ozren.jpg,malak-regency-sarajevo-02-hotel-sarajevo-mountains.jpg,malak-regency-sarajevo-02-hotel-sarajevo-mountains.webp,public/images/hotels/malak-regency-sarajevo/original/malak-regency-sarajevo-02-hotel-sarajevo-mountains.jpg,/images/hotels/malak-regency-sarajevo/web/malak-regency-sarajevo-02-hotel-sarajevo-mountains.webp,Wikimedia Commons,https://commons.wikimedia.org/wiki/File:Sarajevo%27s_Ozren.jpg,https://upload.wikimedia.org/wikipedia/commons/thumb/c/c3/Sarajevo%27s_Ozren.jpg/3840px-Sarajevo%27s_Ozren.jpg,Smooth O,,CC BY-SA 4.0,https://creativecommons.org/licenses/by-sa/4.0,Yes,"Photo: Sarajevo's Ozren.jpg by Smooth O, licensed under CC BY-SA 4.0 via Wikimedia Commons. Cropped/resized only if needed and converted to WebP.",Yes,Yes,2026-05-30,Matched Commons query: Sarajevo Bosnia and Herzegovina sarajevo mountains. Hotel-specific image not found under safe licence; using destination/neighbourhood alternative.,Yes,2200,1650,277086
malak-regency-sarajevo-03,17,Malak Regency Hotel,malak-regency-sarajevo,Sarajevo,Bosnia and Herzegovina,3,City,Sarajevo – Baščaršija View from Zlatište 2.jpg,malak-regency-sarajevo-03-city-bascarsija.jpg,malak-regency-sarajevo-03-city-bascarsija.webp,public/images/hotels/malak-regency-sarajevo/original/malak-regency-sarajevo-03-city-bascarsija.jpg,/images/hotels/malak-regency-sarajevo/web/malak-regency-sarajevo-03-city-bascarsija.webp,Wikimedia Commons,https://commons.wikimedia.org/wiki/File:Sarajevo_%E2%80%93_Ba%C5%A1%C4%8Dar%C5%A1ija_View_from_Zlati%C5%A1te_2.jpg,https://upload.wikimedia.org/wikipedia/commons/thumb/d/d0/Sarajevo_%E2%80%93_Ba%C5%A1%C4%8Dar%C5%A1ija_View_from_Zlati%C5%A1te_2.jpg/3840px-Sarajevo_%E2%80%93_Ba%C5%A1%C4%8Dar%C5%A1ija_View_from_Zlati%C5%A1te_2.jpg,Julian Nyča,,CC BY-SA 3.0,https://creativecommons.org/licenses/by-sa/3.0,Yes,"Photo: Sarajevo – Baščaršija View from Zlatište 2.jpg by Julian Nyča, licensed under CC BY-SA 3.0 via Wikimedia Commons. Cropped/resized only if needed and converted to WebP.",Yes,Yes,2026-05-30,Matched Commons query: Sarajevo old town Bascarsija.,Yes,2200,1466,442484
malak-regency-sarajevo-04,17,Malak Regency Hotel,malak-regency-sarajevo,Sarajevo,Bosnia and Herzegovina,4,Attraction,Latin Bridge in Sarajevo.jpg,malak-regency-sarajevo-04-attraction-latin-bridge.jpg,malak-regency-sarajevo-04-attraction-latin-bridge.webp,public/images/hotels/malak-regency-sarajevo/original/malak-regency-sarajevo-04-attraction-latin-bridge.jpg,/images/hotels/malak-regency-sarajevo/web/malak-regency-sarajevo-04-attraction-latin-bridge.webp,Wikimedia Commons,https://commons.wikimedia.org/wiki/File:Latin_Bridge_in_Sarajevo.jpg,https://upload.wikimedia.org/wikipedia/commons/thumb/6/68/Latin_Bridge_in_Sarajevo.jpg/3840px-Latin_Bridge_in_Sarajevo.jpg,Tumi-1983,,CC0,http://creativecommons.org/publicdomain/zero/1.0/deed.en,No,"Image: Latin Bridge in Sarajevo.jpg by Tumi-1983, public domain via Wikimedia Commons.",Yes,Yes,2026-05-30,Matched Commons query: Latin Bridge Sarajevo.,Yes,2200,1466,711644
malak-regency-sarajevo-05,17,Malak Regency Hotel,malak-regency-sarajevo,Sarajevo,Bosnia and Herzegovina,5,Food,Bosnian coffee (13926468997).jpg,malak-regency-sarajevo-05-food-cevapi.jpg,malak-regency-sarajevo-05-food-cevapi.webp,public/images/hotels/malak-regency-sarajevo/original/malak-regency-sarajevo-05-food-cevapi.jpg,/images/hotels/malak-regency-sarajevo/web/malak-regency-sarajevo-05-food-cevapi.webp,Wikimedia Commons,https://commons.wikimedia.org/wiki/File:Bosnian_coffee_(13926468997).jpg,https://upload.wikimedia.org/wikipedia/commons/b/b9/Bosnian_coffee_%2813926468997%29.jpg,Michał Huniewicz,,CC BY 2.0,https://creativecommons.org/licenses/by/2.0,Yes,"Photo: Bosnian coffee (13926468997).jpg by Michał Huniewicz, licensed under CC BY 2.0 via Wikimedia Commons. Cropped/resized only if needed and converted to WebP.",Yes,Yes,2026-05-30,Matched Commons query: Sarajevo Bosnia and Herzegovina cevapi.,Yes,1280,850,101574
malak-regency-sarajevo-06,17,Malak Regency Hotel,malak-regency-sarajevo,Sarajevo,Bosnia and Herzegovina,6,Secondary,Former serb position at a sarajevo mountain.JPG,malak-regency-sarajevo-06-secondary-mountains.jpg,malak-regency-sarajevo-06-secondary-mountains.webp,public/images/hotels/malak-regency-sarajevo/original/malak-regency-sarajevo-06-secondary-mountains.jpg,/images/hotels/malak-regency-sarajevo/web/malak-regency-sarajevo-06-secondary-mountains.webp,Wikimedia Commons,https://commons.wikimedia.org/wiki/File:Former_serb_position_at_a_sarajevo_mountain.JPG,https://upload.wikimedia.org/wikipedia/commons/thumb/d/da/Former_serb_position_at_a_sarajevo_mountain.JPG/3840px-Former_serb_position_at_a_sarajevo_mountain.JPG,MoserB,,Public domain,Unknown / not listed,No,"Image: Former serb position at a sarajevo mountain.JPG by MoserB, public domain via Wikimedia Commons.",Yes,Yes,2026-05-30,Matched Commons query: Sarajevo mountains.,Yes,2200,1236,644690
real-marina-olhao-01,18,Real Marina Hotel & Spa,real-marina-olhao,Olhao,Portugal,1,Hero,Marina de Olhão by Juntas 3.jpg,real-marina-olhao-01-hero-real-marina-olhao-01.jpg,real-marina-olhao-01-hero-real-marina-olhao-01.webp,public/images/hotels/real-marina-olhao/original/real-marina-olhao-01-hero-real-marina-olhao-01.jpg,/images/hotels/real-marina-olhao/web/real-marina-olhao-01-hero-real-marina-olhao-01.webp,Wikimedia Commons,https://commons.wikimedia.org/wiki/File:Marina_de_Olh%C3%A3o_by_Juntas_3.jpg,https://upload.wikimedia.org/wikipedia/commons/thumb/f/fa/Marina_de_Olh%C3%A3o_by_Juntas_3.jpg/3840px-Marina_de_Olh%C3%A3o_by_Juntas_3.jpg,Juntas,,CC BY-SA 4.0,https://creativecommons.org/licenses/by-sa/4.0,Yes,"Photo: Marina de Olhão by Juntas 3.jpg by Juntas, licensed under CC BY-SA 4.0 via Wikimedia Commons. Cropped/resized only if needed and converted to WebP.",Yes,Yes,2026-05-30,Recovered with Commons query: Olhao Algarve marina. Hotel-specific image not found under safe licence; using destination alternative.,Yes,2200,1383,375316
real-marina-olhao-02,18,Real Marina Hotel & Spa,real-marina-olhao,Olhao,Portugal,2,Hotel,Marina de Olhão by Juntas 1.jpg,real-marina-olhao-02-hotel-olhao-marina.jpg,real-marina-olhao-02-hotel-olhao-marina.webp,public/images/hotels/real-marina-olhao/original/real-marina-olhao-02-hotel-olhao-marina.jpg,/images/hotels/real-marina-olhao/web/real-marina-olhao-02-hotel-olhao-marina.webp,Wikimedia Commons,https://commons.wikimedia.org/wiki/File:Marina_de_Olh%C3%A3o_by_Juntas_1.jpg,https://upload.wikimedia.org/wikipedia/commons/thumb/3/3e/Marina_de_Olh%C3%A3o_by_Juntas_1.jpg/3840px-Marina_de_Olh%C3%A3o_by_Juntas_1.jpg,Juntas,,CC BY-SA 4.0,https://creativecommons.org/licenses/by-sa/4.0,Yes,"Photo: Marina de Olhão by Juntas 1.jpg by Juntas, licensed under CC BY-SA 4.0 via Wikimedia Commons. Cropped/resized only if needed and converted to WebP.",Yes,Yes,2026-05-30,Matched Commons query: Olhao marina Algarve. Hotel-specific image not found under safe licence; using destination/neighbourhood alternative.,Yes,2200,1292,282846
real-marina-olhao-03,18,Real Marina Hotel & Spa,real-marina-olhao,Olhao,Portugal,3,City,1 Rua 18 de Janho (11951898385).jpg,real-marina-olhao-03-city-olhao-old-town.jpg,real-marina-olhao-03-city-olhao-old-town.webp,public/images/hotels/real-marina-olhao/original/real-marina-olhao-03-city-olhao-old-town.jpg,/images/hotels/real-marina-olhao/web/real-marina-olhao-03-city-olhao-old-town.webp,Wikimedia Commons,https://commons.wikimedia.org/wiki/File:1_Rua_18_de_Janho_(11951898385).jpg,https://upload.wikimedia.org/wikipedia/commons/2/28/1_Rua_18_de_Janho_%2811951898385%29.jpg,Peter Broster,,CC BY 2.0,https://creativecommons.org/licenses/by/2.0,Yes,"Photo: 1 Rua 18 de Janho (11951898385).jpg by Peter Broster, licensed under CC BY 2.0 via Wikimedia Commons. Cropped/resized only if needed and converted to WebP.",Yes,Yes,2026-05-30,Matched Commons query: Olhao Portugal old town.,Yes,2048,1151,301044
real-marina-olhao-04,18,Real Marina Hotel & Spa,real-marina-olhao,Olhao,Portugal,4,Attraction,Cormorants in Ria Formosa Nature Park 02.jpg,real-marina-olhao-04-attraction-ria-formosa.jpg,real-marina-olhao-04-attraction-ria-formosa.webp,public/images/hotels/real-marina-olhao/original/real-marina-olhao-04-attraction-ria-formosa.jpg,/images/hotels/real-marina-olhao/web/real-marina-olhao-04-attraction-ria-formosa.webp,Wikimedia Commons,https://commons.wikimedia.org/wiki/File:Cormorants_in_Ria_Formosa_Nature_Park_02.jpg,https://upload.wikimedia.org/wikipedia/commons/thumb/9/9f/Cormorants_in_Ria_Formosa_Nature_Park_02.jpg/3840px-Cormorants_in_Ria_Formosa_Nature_Park_02.jpg,Kritzolina,,CC BY-SA 4.0,https://creativecommons.org/licenses/by-sa/4.0,Yes,"Photo: Cormorants in Ria Formosa Nature Park 02.jpg by Kritzolina, licensed under CC BY-SA 4.0 via Wikimedia Commons. Cropped/resized only if needed and converted to WebP.",Yes,Yes,2026-05-30,Matched Commons query: Ria Formosa Olhao.,Yes,2200,1466,345794
real-marina-olhao-05,18,Real Marina Hotel & Spa,real-marina-olhao,Olhao,Portugal,5,Food,"""Mercado da Ribeira"" after restoration (39451995340).jpg",real-marina-olhao-05-food-seafood-market.jpg,real-marina-olhao-05-food-seafood-market.webp,public/images/hotels/real-marina-olhao/original/real-marina-olhao-05-food-seafood-market.jpg,/images/hotels/real-marina-olhao/web/real-marina-olhao-05-food-seafood-market.webp,Wikimedia Commons,https://commons.wikimedia.org/wiki/File:%22Mercado_da_Ribeira%22_after_restoration_(39451995340).jpg,https://upload.wikimedia.org/wikipedia/commons/thumb/7/76/%22Mercado_da_Ribeira%22_after_restoration_%2839451995340%29.jpg/3840px-%22Mercado_da_Ribeira%22_after_restoration_%2839451995340%29.jpg,"Pedro Ribeiro Simões from Lisboa, Portugal",,CC BY 2.0,https://creativecommons.org/licenses/by/2.0,Yes,"Photo: ""Mercado da Ribeira"" after restoration (39451995340).jpg by Pedro Ribeiro Simões from Lisboa, Portugal, licensed under CC BY 2.0 via Wikimedia Commons. Cropped/resized only if needed and converted to WebP.",Yes,Yes,2026-05-30,Matched Commons query: Portugal seafood market.,Yes,2200,1549,837604
real-marina-olhao-06,18,Real Marina Hotel & Spa,real-marina-olhao,Olhao,Portugal,6,Secondary,Armona Island (Portugal) - 49707670051.jpg,real-marina-olhao-06-secondary-real-marina-olhao-06.jpg,real-marina-olhao-06-secondary-real-marina-olhao-06.webp,public/images/hotels/real-marina-olhao/original/real-marina-olhao-06-secondary-real-marina-olhao-06.jpg,/images/hotels/real-marina-olhao/web/real-marina-olhao-06-secondary-real-marina-olhao-06.webp,Wikimedia Commons,https://commons.wikimedia.org/wiki/File:Armona_Island_(Portugal)_-_49707670051.jpg,https://upload.wikimedia.org/wikipedia/commons/thumb/a/a9/Armona_Island_%28Portugal%29_-_49707670051.jpg/3840px-Armona_Island_%28Portugal%29_-_49707670051.jpg,sky_hlv,,CC BY 2.0,https://creativecommons.org/licenses/by/2.0,Yes,"Photo: Armona Island (Portugal) - 49707670051.jpg by sky_hlv, licensed under CC BY 2.0 via Wikimedia Commons. Cropped/resized only if needed and converted to WebP.",Yes,Yes,2026-05-30,Recovered with Commons query: Armona Island. Hotel-specific image not found under safe licence; using destination alternative.,Yes,2200,1650,856746
graffit-gallery-varna-01,19,Graffit Gallery Design Hotel,graffit-gallery-varna,Varna,Bulgaria,1,Hero,"See Garden in Varna, Bulgaria2.jpg",graffit-gallery-varna-01-hero-graffit-gallery-varna-01.jpg,graffit-gallery-varna-01-hero-graffit-gallery-varna-01.webp,public/images/hotels/graffit-gallery-varna/original/graffit-gallery-varna-01-hero-graffit-gallery-varna-01.jpg,/images/hotels/graffit-gallery-varna/web/graffit-gallery-varna-01-hero-graffit-gallery-varna-01.webp,Wikimedia Commons,"https://commons.wikimedia.org/wiki/File:See_Garden_in_Varna,_Bulgaria2.jpg",https://upload.wikimedia.org/wikipedia/commons/thumb/f/f3/See_Garden_in_Varna%2C_Bulgaria2.jpg/3840px-See_Garden_in_Varna%2C_Bulgaria2.jpg,Stanqo,,CC BY-SA 4.0,https://creativecommons.org/licenses/by-sa/4.0,Yes,"Photo: See Garden in Varna, Bulgaria2.jpg by Stanqo, licensed under CC BY-SA 4.0 via Wikimedia Commons. Cropped/resized only if needed and converted to WebP.",Yes,Yes,2026-05-30,Recovered with Commons query: Varna Sea Garden. Hotel-specific image not found under safe licence; using destination alternative.,Yes,2200,1650,789724
graffit-gallery-varna-02,19,Graffit Gallery Design Hotel,graffit-gallery-varna,Varna,Bulgaria,2,Hotel,Varna Cathedral 02.jpg,graffit-gallery-varna-02-hotel-graffit-gallery-varna-02.jpg,graffit-gallery-varna-02-hotel-graffit-gallery-varna-02.webp,public/images/hotels/graffit-gallery-varna/original/graffit-gallery-varna-02-hotel-graffit-gallery-varna-02.jpg,/images/hotels/graffit-gallery-varna/web/graffit-gallery-varna-02-hotel-graffit-gallery-varna-02.webp,Wikimedia Commons,https://commons.wikimedia.org/wiki/File:Varna_Cathedral_02.jpg,https://upload.wikimedia.org/wikipedia/commons/thumb/8/8f/Varna_Cathedral_02.jpg/3840px-Varna_Cathedral_02.jpg,Ad Meskens,,CC BY-SA 4.0,https://creativecommons.org/licenses/by-sa/4.0,Yes,"Photo: Varna Cathedral 02.jpg by Ad Meskens, licensed under CC BY-SA 4.0 via Wikimedia Commons. Cropped/resized only if needed and converted to WebP.",Yes,Yes,2026-05-30,Recovered with Commons query: Dormition Cathedral Varna. Hotel-specific image not found under safe licence; using destination alternative.,Yes,2200,1650,172030
graffit-gallery-varna-03,19,Graffit Gallery Design Hotel,graffit-gallery-varna,Varna,Bulgaria,3,City,"Catedral de la Dormición de la Madre de Dios, Varna, Bulgaria, 2016-05-27, DD 109-111 HDR.jpg",graffit-gallery-varna-03-city-varna-black-sea.jpg,graffit-gallery-varna-03-city-varna-black-sea.webp,public/images/hotels/graffit-gallery-varna/original/graffit-gallery-varna-03-city-varna-black-sea.jpg,/images/hotels/graffit-gallery-varna/web/graffit-gallery-varna-03-city-varna-black-sea.webp,Wikimedia Commons,"https://commons.wikimedia.org/wiki/File:Catedral_de_la_Dormici%C3%B3n_de_la_Madre_de_Dios,_Varna,_Bulgaria,_2016-05-27,_DD_109-111_HDR.jpg",https://upload.wikimedia.org/wikipedia/commons/thumb/8/8b/Catedral_de_la_Dormici%C3%B3n_de_la_Madre_de_Dios%2C_Varna%2C_Bulgaria%2C_2016-05-27%2C_DD_109-111_HDR.jpg/3840px-Catedral_de_la_Dormici%C3%B3n_de_la_Madre_de_Dios%2C_Varna%2C_Bulgaria%2C_2016-05-27%2C_DD_109-111_HDR.jpg,Diego Delso,,CC BY-SA 4.0,https://creativecommons.org/licenses/by-sa/4.0,Yes,"Photo: Catedral de la Dormición de la Madre de Dios, Varna, Bulgaria, 2016-05-27, DD 109-111 HDR.jpg by Diego Delso, licensed under CC BY-SA 4.0 via Wikimedia Commons. Cropped/resized only if needed and converted to WebP.",Yes,Yes,2026-05-30,Matched Commons query: Varna Bulgaria Black Sea.,Yes,2200,1522,879418
graffit-gallery-varna-04,19,Graffit Gallery Design Hotel,graffit-gallery-varna,Varna,Bulgaria,4,Attraction,Антична сграда-Римски терми-4.jpg,graffit-gallery-varna-04-attraction-roman-baths.jpg,graffit-gallery-varna-04-attraction-roman-baths.webp,public/images/hotels/graffit-gallery-varna/original/graffit-gallery-varna-04-attraction-roman-baths.jpg,/images/hotels/graffit-gallery-varna/web/graffit-gallery-varna-04-attraction-roman-baths.webp,Wikimedia Commons,https://commons.wikimedia.org/wiki/File:%D0%90%D0%BD%D1%82%D0%B8%D1%87%D0%BD%D0%B0_%D1%81%D0%B3%D1%80%D0%B0%D0%B4%D0%B0-%D0%A0%D0%B8%D0%BC%D1%81%D0%BA%D0%B8_%D1%82%D0%B5%D1%80%D0%BC%D0%B8-4.jpg,https://upload.wikimedia.org/wikipedia/commons/thumb/7/79/%D0%90%D0%BD%D1%82%D0%B8%D1%87%D0%BD%D0%B0_%D1%81%D0%B3%D1%80%D0%B0%D0%B4%D0%B0-%D0%A0%D0%B8%D0%BC%D1%81%D0%BA%D0%B8_%D1%82%D0%B5%D1%80%D0%BC%D0%B8-4.jpg/3840px-%D0%90%D0%BD%D1%82%D0%B8%D1%87%D0%BD%D0%B0_%D1%81%D0%B3%D1%80%D0%B0%D0%B4%D0%B0-%D0%A0%D0%B8%D0%BC%D1%81%D0%BA%D0%B8_%D1%82%D0%B5%D1%80%D0%BC%D0%B8-4.jpg,Magdalenaamcmus,,CC BY-SA 4.0,https://creativecommons.org/licenses/by-sa/4.0,Yes,"Photo: Антична сграда-Римски терми-4.jpg by Magdalenaamcmus, licensed under CC BY-SA 4.0 via Wikimedia Commons. Cropped/resized only if needed and converted to WebP.",Yes,Yes,2026-05-30,Matched Commons query: Roman Baths Varna.,Yes,2200,1650,163204
graffit-gallery-varna-05,19,Graffit Gallery Design Hotel,graffit-gallery-varna,Varna,Bulgaria,5,Food,Traditional Bulgarian cuisine with banitsa.jpg,graffit-gallery-varna-05-food-graffit-gallery-varna-05.jpg,graffit-gallery-varna-05-food-graffit-gallery-varna-05.webp,public/images/hotels/graffit-gallery-varna/original/graffit-gallery-varna-05-food-graffit-gallery-varna-05.jpg,/images/hotels/graffit-gallery-varna/web/graffit-gallery-varna-05-food-graffit-gallery-varna-05.webp,Wikimedia Commons,https://commons.wikimedia.org/wiki/File:Traditional_Bulgarian_cuisine_with_banitsa.jpg,https://upload.wikimedia.org/wikipedia/commons/thumb/7/7d/Traditional_Bulgarian_cuisine_with_banitsa.jpg/3840px-Traditional_Bulgarian_cuisine_with_banitsa.jpg,Savannah Rivka Powell,,CC BY-SA 4.0,https://creativecommons.org/licenses/by-sa/4.0,Yes,"Photo: Traditional Bulgarian cuisine with banitsa.jpg by Savannah Rivka Powell, licensed under CC BY-SA 4.0 via Wikimedia Commons. Cropped/resized only if needed and converted to WebP.",Yes,Yes,2026-05-30,Recovered with Commons query: Bulgarian food. Hotel-specific image not found under safe licence; using destination alternative.,Yes,2200,1650,385414
graffit-gallery-varna-06,19,Graffit Gallery Design Hotel,graffit-gallery-varna,Varna,Bulgaria,6,Secondary,"See Garden in Varna, Bulgaria.jpg",graffit-gallery-varna-06-secondary-sea-garden.jpg,graffit-gallery-varna-06-secondary-sea-garden.webp,public/images/hotels/graffit-gallery-varna/original/graffit-gallery-varna-06-secondary-sea-garden.jpg,/images/hotels/graffit-gallery-varna/web/graffit-gallery-varna-06-secondary-sea-garden.webp,Wikimedia Commons,"https://commons.wikimedia.org/wiki/File:See_Garden_in_Varna,_Bulgaria.jpg",https://upload.wikimedia.org/wikipedia/commons/thumb/c/ce/See_Garden_in_Varna%2C_Bulgaria.jpg/3840px-See_Garden_in_Varna%2C_Bulgaria.jpg,Stanqo,,CC BY-SA 4.0,https://creativecommons.org/licenses/by-sa/4.0,Yes,"Photo: See Garden in Varna, Bulgaria.jpg by Stanqo, licensed under CC BY-SA 4.0 via Wikimedia Commons. Cropped/resized only if needed and converted to WebP.",Yes,Yes,2026-05-30,Matched Commons query: Varna Sea Garden.,Yes,2200,1650,685090
millennium-downtown-abu-dhabi-01,20,Millennium Downtown Abu Dhabi,millennium-downtown-abu-dhabi,Abu Dhabi,UAE,1,Hero,Abu dhabi skylines 2014.jpg,millennium-downtown-abu-dhabi-01-hero-millennium-downtown-abu-dhabi-01.jpg,millennium-downtown-abu-dhabi-01-hero-millennium-downtown-abu-dhabi-01.webp,public/images/hotels/millennium-downtown-abu-dhabi/original/millennium-downtown-abu-dhabi-01-hero-millennium-downtown-abu-dhabi-01.jpg,/images/hotels/millennium-downtown-abu-dhabi/web/millennium-downtown-abu-dhabi-01-hero-millennium-downtown-abu-dhabi-01.webp,Wikimedia Commons,https://commons.wikimedia.org/wiki/File:Abu_dhabi_skylines_2014.jpg,https://upload.wikimedia.org/wikipedia/commons/thumb/9/9c/Abu_dhabi_skylines_2014.jpg/3840px-Abu_dhabi_skylines_2014.jpg,Wadiia,,CC BY-SA 4.0,https://creativecommons.org/licenses/by-sa/4.0,Yes,"Photo: Abu dhabi skylines 2014.jpg by Wadiia, licensed under CC BY-SA 4.0 via Wikimedia Commons. Cropped/resized only if needed and converted to WebP.",Yes,Yes,2026-05-30,Recovered with Commons query: Abu Dhabi skyline. Hotel-specific image not found under safe licence; using destination alternative.,Yes,2200,1207,274894
millennium-downtown-abu-dhabi-02,20,Millennium Downtown Abu Dhabi,millennium-downtown-abu-dhabi,Abu Dhabi,UAE,2,Hotel,Abu Dhabi Skyline fron Corniche Rd.JPG,millennium-downtown-abu-dhabi-02-hotel-millennium-downtown-abu-dhabi-02.jpg,millennium-downtown-abu-dhabi-02-hotel-millennium-downtown-abu-dhabi-02.webp,public/images/hotels/millennium-downtown-abu-dhabi/original/millennium-downtown-abu-dhabi-02-hotel-millennium-downtown-abu-dhabi-02.jpg,/images/hotels/millennium-downtown-abu-dhabi/web/millennium-downtown-abu-dhabi-02-hotel-millennium-downtown-abu-dhabi-02.webp,Wikimedia Commons,https://commons.wikimedia.org/wiki/File:Abu_Dhabi_Skyline_fron_Corniche_Rd.JPG,https://upload.wikimedia.org/wikipedia/commons/thumb/c/c5/Abu_Dhabi_Skyline_fron_Corniche_Rd.JPG/3840px-Abu_Dhabi_Skyline_fron_Corniche_Rd.JPG,FritzDaCat,,CC BY-SA 3.0,https://creativecommons.org/licenses/by-sa/3.0,Yes,"Photo: Abu Dhabi Skyline fron Corniche Rd.JPG by FritzDaCat, licensed under CC BY-SA 3.0 via Wikimedia Commons. Cropped/resized only if needed and converted to WebP.",Yes,Yes,2026-05-30,Recovered with Commons query: Abu Dhabi skyline. Hotel-specific image not found under safe licence; using destination alternative.,Yes,2200,1650,232270
millennium-downtown-abu-dhabi-03,20,Millennium Downtown Abu Dhabi,millennium-downtown-abu-dhabi,Abu Dhabi,UAE,3,City,Abu Dhabi Corniche 02.jpg,millennium-downtown-abu-dhabi-03-city-corniche.jpg,millennium-downtown-abu-dhabi-03-city-corniche.webp,public/images/hotels/millennium-downtown-abu-dhabi/original/millennium-downtown-abu-dhabi-03-city-corniche.jpg,/images/hotels/millennium-downtown-abu-dhabi/web/millennium-downtown-abu-dhabi-03-city-corniche.webp,Wikimedia Commons,https://commons.wikimedia.org/wiki/File:Abu_Dhabi_Corniche_02.jpg,https://upload.wikimedia.org/wikipedia/commons/thumb/2/2e/Abu_Dhabi_Corniche_02.jpg/3840px-Abu_Dhabi_Corniche_02.jpg,Halamoudi,,CC BY-SA 4.0,https://creativecommons.org/licenses/by-sa/4.0,Yes,"Photo: Abu Dhabi Corniche 02.jpg by Halamoudi, licensed under CC BY-SA 4.0 via Wikimedia Commons. Cropped/resized only if needed and converted to WebP.",Yes,Yes,2026-05-30,Matched Commons query: Abu Dhabi Corniche.,Yes,2200,1466,548970
millennium-downtown-abu-dhabi-04,20,Millennium Downtown Abu Dhabi,millennium-downtown-abu-dhabi,Abu Dhabi,UAE,4,Attraction,"Sheikh Zayed Grand Mosque, the entrance to the parking area..JPG",millennium-downtown-abu-dhabi-04-attraction-grand-mosque.jpg,millennium-downtown-abu-dhabi-04-attraction-grand-mosque.webp,public/images/hotels/millennium-downtown-abu-dhabi/original/millennium-downtown-abu-dhabi-04-attraction-grand-mosque.jpg,/images/hotels/millennium-downtown-abu-dhabi/web/millennium-downtown-abu-dhabi-04-attraction-grand-mosque.webp,Wikimedia Commons,"https://commons.wikimedia.org/wiki/File:Sheikh_Zayed_Grand_Mosque,_the_entrance_to_the_parking_area..JPG",https://upload.wikimedia.org/wikipedia/commons/thumb/1/13/Sheikh_Zayed_Grand_Mosque%2C_the_entrance_to_the_parking_area..JPG/3840px-Sheikh_Zayed_Grand_Mosque%2C_the_entrance_to_the_parking_area..JPG,GinaD,,CC BY-SA 3.0,https://creativecommons.org/licenses/by-sa/3.0,Yes,"Photo: Sheikh Zayed Grand Mosque, the entrance to the parking area..JPG by GinaD, licensed under CC BY-SA 3.0 via Wikimedia Commons. Cropped/resized only if needed and converted to WebP.",Yes,Yes,2026-05-30,Matched Commons query: Sheikh Zayed Grand Mosque Abu Dhabi.,Yes,2200,1456,527582
millennium-downtown-abu-dhabi-05,20,Millennium Downtown Abu Dhabi,millennium-downtown-abu-dhabi,Abu Dhabi,UAE,5,Food,Lugainat.jpg,millennium-downtown-abu-dhabi-05-food-millennium-downtown-abu-dhabi-05.jpg,millennium-downtown-abu-dhabi-05-food-millennium-downtown-abu-dhabi-05.webp,public/images/hotels/millennium-downtown-abu-dhabi/original/millennium-downtown-abu-dhabi-05-food-millennium-downtown-abu-dhabi-05.jpg,/images/hotels/millennium-downtown-abu-dhabi/web/millennium-downtown-abu-dhabi-05-food-millennium-downtown-abu-dhabi-05.webp,Wikimedia Commons,https://commons.wikimedia.org/wiki/File:Lugainat.jpg,https://upload.wikimedia.org/wikipedia/commons/6/6c/Lugainat.jpg,Jasmine57,,CC BY-SA 4.0,https://creativecommons.org/licenses/by-sa/4.0,Yes,"Photo: Lugainat.jpg by Jasmine57, licensed under CC BY-SA 4.0 via Wikimedia Commons. Cropped/resized only if needed and converted to WebP.",Yes,Yes,2026-05-30,Recovered with Commons query: Emirati cuisine. Hotel-specific image not found under safe licence; using destination alternative.,Yes,1280,853,88814
millennium-downtown-abu-dhabi-06,20,Millennium Downtown Abu Dhabi,millennium-downtown-abu-dhabi,Abu Dhabi,UAE,6,Secondary,Qasr Al Watan in March 2022 09.jpg,millennium-downtown-abu-dhabi-06-secondary-qasr-al-watan.jpg,millennium-downtown-abu-dhabi-06-secondary-qasr-al-watan.webp,public/images/hotels/millennium-downtown-abu-dhabi/original/millennium-downtown-abu-dhabi-06-secondary-qasr-al-watan.jpg,/images/hotels/millennium-downtown-abu-dhabi/web/millennium-downtown-abu-dhabi-06-secondary-qasr-al-watan.webp,Wikimedia Commons,https://commons.wikimedia.org/wiki/File:Qasr_Al_Watan_in_March_2022_09.jpg,https://upload.wikimedia.org/wikipedia/commons/thumb/5/5c/Qasr_Al_Watan_in_March_2022_09.jpg/3840px-Qasr_Al_Watan_in_March_2022_09.jpg,Renek78,,CC BY-SA 4.0,https://creativecommons.org/licenses/by-sa/4.0,Yes,"Photo: Qasr Al Watan in March 2022 09.jpg by Renek78, licensed under CC BY-SA 4.0 via Wikimedia Commons. Cropped/resized only if needed and converted to WebP.",Yes,Yes,2026-05-30,Matched Commons query: Qasr Al Watan Abu Dhabi.,Yes,2200,1237,539038
